fecha,temperature_2m,surface_pressure,relative_humidity_2m
2010-01-01,25.3,1009.0,78
2010-01-02,24.4,1006.8,83
2010-01-03,26.2,1006.0,65
2010-01-04,24.4,1008.3,80
2010-01-05,24.1,1009.0,76
2010-01-06,22.5,1010.2,78
2010-01-07,22.7,1012.0,76
2010-01-08,23.6,1011.1,74
2010-01-09,24.4,1008.5,69
2010-01-10,28.3,1008.0,56
2010-01-11,22.6,1012.4,81
2010-01-12,22.4,1012.1,84
2010-01-13,22.2,1012.5,80
2010-01-14,23.2,1012.5,75
2010-01-15,23.1,1013.3,76
2010-01-16,24.0,1011.7,83
2010-01-17,27.9,1010.6,64
2010-01-18,24.7,1010.8,88
2010-01-19,25.0,1010.3,80
2010-01-20,24.9,1009.2,77
2010-01-21,25.0,1009.3,76
2010-01-22,24.5,1007.5,79
2010-01-23,25.3,1007.1,76
2010-01-24,29.4,1007.0,47
2010-01-25,25.0,1010.5,72
2010-01-26,24.6,1010.4,79
2010-01-27,24.5,1011.5,70
2010-01-28,23.7,1010.9,71
2010-01-29,24.2,1009.1,66
2010-01-30,24.0,1008.6,74
2010-01-31,28.9,1007.5,47
2010-02-01,25.0,1009.6,67
2010-02-02,24.6,1008.4,77
2010-02-03,24.5,1008.0,79
2010-02-04,24.7,1008.2,78
2010-02-05,24.4,1007.8,78
2010-02-06,24.4,1005.3,73
2010-02-07,29.1,1004.2,51
2010-02-08,25.1,1008.8,75
2010-02-09,24.6,1007.6,81
2010-02-10,25.2,1005.7,75
2010-02-11,25.7,1005.8,72
2010-02-12,24.7,1005.9,80
2010-02-13,24.9,1005.4,72
2010-02-14,29.7,1005.4,50
2010-02-15,24.9,1007.8,78
2010-02-16,25.0,1006.9,77
2010-02-17,24.8,1006.9,74
2010-02-18,22.8,1009.7,76
2010-02-19,24.1,1010.7,70
2010-02-20,25.3,1009.9,69
2010-02-21,28.2,1007.6,57
2010-02-22,24.7,1005.5,77
2010-02-23,25.2,1002.9,79
2010-02-24,25.9,1005.5,78
2010-02-25,26.2,1004.9,81
2010-02-26,24.2,1007.6,71
2010-02-27,25.5,1007.1,85
2010-02-28,30.2,1006.6,57
2010-03-01,25.7,1008.4,72
2010-03-02,25.3,1006.8,81
2010-03-03,25.5,1005.7,80
2010-03-04,23.0,1007.5,92
2010-03-05,21.5,1007.6,88
2010-03-06,21.0,1007.3,77
2010-03-07,23.4,1008.5,60
2010-03-08,21.4,1008.4,55
2010-03-09,23.7,1008.6,60
2010-03-10,25.1,1008.1,67
2010-03-11,25.7,1006.3,76
2010-03-12,25.1,1006.2,85
2010-03-13,25.5,1005.4,85
2010-03-14,29.5,1005.6,63
2010-03-15,25.8,1006.8,80
2010-03-16,25.8,1006.2,76
2010-03-17,26.5,1006.6,75
2010-03-18,25.9,1007.2,81
2010-03-19,25.6,1009.0,85
2010-03-20,26.1,1010.0,80
2010-03-21,30.2,1010.2,54
2010-03-22,25.5,1010.2,80
2010-03-23,26.2,1009.4,81
2010-03-24,26.2,1008.8,77
2010-03-25,26.1,1009.1,77
2010-03-26,25.7,1008.0,76
2010-03-27,25.7,1008.4,74
2010-03-28,30.7,1006.4,50
2010-03-29,25.9,1006.8,78
2010-03-30,25.9,1008.2,73
2010-03-31,26.4,1008.7,79
2010-04-01,25.3,1007.6,74
2010-04-02,24.5,1007.3,56
2010-04-03,24.0,1007.0,55
2010-04-04,30.2,1006.8,32
2010-04-05,24.5,1010.1,59
2010-04-06,24.4,1009.9,64
2010-04-07,25.1,1009.0,64
2010-04-08,25.6,1008.8,63
2010-04-09,25.4,1010.1,71
2010-04-10,25.2,1011.0,72
2010-04-11,27.5,1007.6,61
2010-04-12,22.8,1006.5,88
2010-04-13,23.9,1005.9,87
2010-04-14,25.1,1007.4,76
2010-04-15,23.5,1008.7,80
2010-04-16,24.6,1008.1,63
2010-04-17,25.3,1007.7,70
2010-04-18,28.3,1007.1,64
2010-04-19,26.1,1006.2,85
2010-04-20,26.6,1005.4,82
2010-04-21,26.4,1006.1,83
2010-04-22,26.8,1007.3,79
2010-04-23,26.8,1008.5,75
2010-04-24,26.7,1008.4,63
2010-04-25,30.2,1006.2,55
2010-04-26,26.5,1006.2,81
2010-04-27,26.9,1007.8,79
2010-04-28,27.2,1009.4,81
2010-04-29,27.2,1009.4,79
2010-04-30,27.5,1009.5,76
2010-05-01,27.7,1009.7,71
2010-05-02,28.9,1010.5,64
2010-05-03,26.4,1010.0,74
2010-05-04,26.8,1009.2,76
2010-05-05,26.7,1008.7,75
2010-05-06,27.0,1008.3,64
2010-05-07,27.2,1008.9,67
2010-05-08,25.8,1008.9,80
2010-05-09,28.0,1008.6,72
2010-05-10,24.8,1009.8,81
2010-05-11,25.0,1009.9,77
2010-05-12,26.1,1009.8,66
2010-05-13,24.6,1011.1,84
2010-05-14,25.7,1011.6,77
2010-05-15,26.5,1011.1,70
2010-05-16,31.0,1008.6,56
2010-05-17,27.3,1008.5,76
2010-05-18,25.9,1008.0,85
2010-05-19,26.6,1007.2,80
2010-05-20,26.7,1008.9,78
2010-05-21,26.6,1007.0,81
2010-05-22,26.9,1004.2,82
2010-05-23,27.2,1003.9,80
2010-05-24,25.9,1004.9,87
2010-05-25,24.9,1006.5,97
2010-05-26,25.0,1006.5,88
2010-05-27,24.7,1005.8,91
2010-05-28,26.0,1004.1,89
2010-05-29,24.3,1005.0,96
2010-05-30,29.9,1007.0,71
2010-05-31,25.5,1010.0,91
2010-06-01,25.1,1009.5,93
2010-06-02,25.9,1008.7,91
2010-06-03,26.7,1009.8,86
2010-06-04,26.7,1010.9,84
2010-06-05,26.9,1010.1,81
2010-06-06,29.8,1007.9,65
2010-06-07,27.1,1008.6,83
2010-06-08,26.6,1010.6,85
2010-06-09,26.6,1010.8,82
2010-06-10,26.8,1010.5,84
2010-06-11,27.4,1010.9,76
2010-06-12,27.5,1009.8,73
2010-06-13,30.3,1008.9,65
2010-06-14,27.4,1009.0,77
2010-06-15,26.3,1010.7,84
2010-06-16,26.4,1010.2,80
2010-06-17,26.7,1010.0,78
2010-06-18,27.6,1008.9,73
2010-06-19,25.4,1008.0,84
2010-06-20,25.6,1008.0,86
2010-06-21,23.7,1009.9,94
2010-06-22,23.6,1010.3,95
2010-06-23,23.8,1009.0,95
2010-06-24,24.3,1010.6,94
2010-06-25,25.5,1009.9,87
2010-06-26,24.9,1008.1,89
2010-06-27,29.2,1006.6,71
2010-06-28,26.6,1008.6,86
2010-06-29,27.1,1009.7,82
2010-06-30,26.1,1010.5,84
2010-07-01,26.1,1010.1,87
2010-07-02,27.0,1009.4,83
2010-07-03,27.2,1009.5,86
2010-07-04,31.3,1008.7,61
2010-07-05,27.2,1007.5,70
2010-07-06,25.9,1008.3,86
2010-07-07,25.4,1008.7,90
2010-07-08,27.2,1009.8,89
2010-07-09,26.0,1009.7,83
2010-07-10,27.0,1010.1,76
2010-07-11,31.0,1009.2,63
2010-07-12,27.7,1008.6,78
2010-07-13,26.9,1008.8,77
2010-07-14,25.1,1009.0,89
2010-07-15,26.8,1008.8,79
2010-07-16,24.1,1009.1,92
2010-07-17,24.1,1010.9,91
2010-07-18,28.4,1010.1,74
2010-07-19,24.1,1008.7,91
2010-07-20,24.4,1008.5,92
2010-07-21,24.2,1008.2,94
2010-07-22,24.9,1009.4,91
2010-07-23,23.4,1012.3,91
2010-07-24,25.6,1011.5,83
2010-07-25,31.2,1010.4,60
2010-07-26,26.9,1009.5,77
2010-07-27,25.6,1010.8,82
2010-07-28,26.0,1011.5,83
2010-07-29,25.9,1009.9,84
2010-07-30,26.9,1007.2,85
2010-07-31,25.7,1006.6,88
2010-08-01,31.1,1006.1,59
2010-08-02,26.6,1008.2,78
2010-08-03,27.2,1007.7,76
2010-08-04,26.8,1006.7,81
2010-08-05,27.0,1007.3,82
2010-08-06,27.4,1008.2,84
2010-08-07,27.6,1007.9,84
2010-08-08,30.9,1007.1,58
2010-08-09,25.7,1008.1,86
2010-08-10,26.2,1007.6,86
2010-08-11,24.8,1007.3,93
2010-08-12,26.2,1007.4,87
2010-08-13,26.7,1008.3,85
2010-08-14,26.2,1009.5,89
2010-08-15,30.2,1008.8,70
2010-08-16,27.0,1009.1,83
2010-08-17,24.5,1009.9,91
2010-08-18,27.2,1009.7,87
2010-08-19,27.1,1007.7,77
2010-08-20,26.4,1006.1,82
2010-08-21,25.9,1008.1,83
2010-08-22,30.5,1008.9,63
2010-08-23,27.5,1008.5,82
2010-08-24,27.2,1008.1,87
2010-08-25,26.5,1007.5,81
2010-08-26,26.4,1007.0,81
2010-08-27,26.2,1006.3,85
2010-08-28,27.0,1007.0,83
2010-08-29,31.3,1006.2,63
2010-08-30,27.5,1003.9,75
2010-08-31,26.1,1001.3,89
2010-09-01,26.8,1004.8,84
2010-09-02,27.5,1010.5,84
2010-09-03,26.5,1010.4,86
2010-09-04,27.3,1007.9,75
2010-09-05,29.7,1007.0,64
2010-09-06,26.0,1009.3,84
2010-09-07,25.5,1008.3,87
2010-09-08,25.0,1007.4,90
2010-09-09,25.7,1006.9,82
2010-09-10,26.5,1006.6,75
2010-09-11,26.4,1005.8,78
2010-09-12,25.6,1005.0,90
2010-09-13,25.7,1005.0,89
2010-09-14,26.9,1006.6,83
2010-09-15,26.6,1005.3,80
2010-09-16,26.6,1003.1,76
2010-09-17,26.6,1002.3,78
2010-09-18,25.9,1003.3,87
2010-09-19,29.1,1003.8,73
2010-09-20,25.6,1005.5,86
2010-09-21,24.5,1008.1,88
2010-09-22,26.3,1008.4,77
2010-09-23,26.0,1007.7,80
2010-09-24,25.0,1007.3,86
2010-09-25,24.9,1006.7,88
2010-09-26,28.8,1004.4,70
2010-09-27,24.6,1005.3,91
2010-09-28,24.4,1002.6,90
2010-09-29,24.4,1005.9,93
2010-09-30,24.5,1005.2,94
2010-10-01,23.7,1004.9,94
2010-10-02,24.8,1003.2,92
2010-10-03,30.0,1002.3,67
2010-10-04,24.8,1003.6,91
2010-10-05,24.9,1002.2,94
2010-10-06,25.8,1000.0,88
2010-10-07,26.8,1001.3,85
2010-10-08,25.5,1005.8,91
2010-10-09,26.0,1006.0,91
2010-10-10,29.7,1005.6,67
2010-10-11,26.2,1007.8,87
2010-10-12,26.0,1007.8,88
2010-10-13,25.4,1007.8,88
2010-10-14,25.1,1006.4,89
2010-10-15,25.9,1006.6,86
2010-10-16,25.6,1007.2,91
2010-10-17,29.6,1006.2,65
2010-10-18,24.9,1007.5,90
2010-10-19,25.7,1007.4,84
2010-10-20,25.1,1007.2,87
2010-10-21,25.4,1006.4,81
2010-10-22,25.5,1008.3,87
2010-10-23,26.3,1009.1,79
2010-10-24,29.1,1006.4,64
2010-10-25,25.2,1007.1,78
2010-10-26,25.7,1007.8,76
2010-10-27,24.2,1008.2,84
2010-10-28,23.9,1005.9,84
2010-10-29,25.4,1007.2,82
2010-10-30,24.4,1007.8,86
2010-10-31,29.5,1007.0,68
2010-11-01,25.1,1009.9,83
2010-11-02,23.6,1007.0,89
2010-11-03,24.0,1004.6,88
2010-11-04,23.8,1003.0,96
2010-11-05,24.1,1002.9,94
2010-11-06,24.1,1004.3,95
2010-11-07,27.6,1001.8,68
2010-11-08,24.4,1003.4,69
2010-11-09,23.7,1004.3,81
2010-11-10,23.8,1006.4,87
2010-11-11,24.1,1008.4,74
2010-11-12,23.9,1008.1,74
2010-11-13,24.0,1007.4,74
2010-11-14,27.0,1006.9,61
2010-11-15,24.4,1008.1,77
2010-11-16,24.5,1009.1,78
2010-11-17,23.7,1009.5,81
2010-11-18,23.5,1009.0,72
2010-11-19,23.6,1009.0,70
2010-11-20,23.6,1011.0,77
2010-11-21,26.4,1010.0,73
2010-11-22,22.3,1009.7,87
2010-11-23,23.3,1008.0,80
2010-11-24,23.6,1007.6,77
2010-11-25,23.4,1009.8,70
2010-11-26,23.2,1009.1,69
2010-11-27,24.2,1008.9,73
2010-11-28,27.7,1008.4,58
2010-11-29,23.6,1010.5,72
2010-11-30,23.3,1009.8,68
2010-12-01,23.3,1008.8,79
2010-12-02,23.1,1007.6,68
2010-12-03,21.8,1007.3,77
2010-12-04,22.1,1009.5,79
2010-12-05,26.5,1008.1,56
2010-12-06,23.3,1007.8,81
2010-12-07,23.5,1009.2,78
2010-12-08,24.2,1008.9,73
2010-12-09,23.5,1007.9,88
2010-12-10,24.6,1006.8,81
2010-12-11,24.5,1006.8,79
2010-12-12,28.9,1004.6,53
2010-12-13,23.5,1004.2,89
2010-12-14,21.9,1005.1,74
2010-12-15,21.4,1008.0,80
2010-12-16,22.8,1010.8,74
2010-12-17,22.7,1010.6,72
2010-12-18,22.7,1006.7,69
2010-12-19,27.1,1003.6,59
2010-12-20,24.0,1007.3,67
2010-12-21,22.8,1010.2,73
2010-12-22,22.2,1010.4,69
2010-12-23,23.6,1007.2,63
2010-12-24,22.9,1008.3,63
2010-12-25,22.8,1010.0,69
2010-12-26,26.9,1007.9,58
2010-12-27,22.6,1010.6,89
2010-12-28,21.4,1011.8,70
2010-12-29,20.7,1010.3,64
2010-12-30,21.7,1010.8,63
2010-12-31,22.2,1011.8,61
2011-01-01,21.5,1011.5,73
2011-01-02,26.6,1008.9,49
2011-01-03,22.3,1009.9,69
2011-01-04,22.2,1010.4,57
2011-01-05,23.3,1009.2,68
2011-01-06,23.8,1006.4,83
2011-01-07,23.6,1004.7,87
2011-01-08,23.9,1007.7,88
2011-01-09,28.2,1008.2,62
2011-01-10,24.2,1011.3,76
2011-01-11,24.4,1011.8,72
2011-01-12,24.2,1010.6,71
2011-01-13,24.5,1009.9,78
2011-01-14,22.2,1009.7,93
2011-01-15,24.1,1008.4,77
2011-01-16,27.3,1007.5,61
2011-01-17,23.9,1009.4,78
2011-01-18,24.3,1010.4,84
2011-01-19,24.6,1010.2,77
2011-01-20,24.3,1008.0,72
2011-01-21,23.5,1006.9,74
2011-01-22,24.0,1007.0,82
2011-01-23,27.6,1007.6,63
2011-01-24,23.5,1010.9,77
2011-01-25,23.8,1010.0,70
2011-01-26,24.2,1010.1,70
2011-01-27,24.1,1009.5,80
2011-01-28,23.9,1010.5,75
2011-01-29,24.2,1012.2,73
2011-01-30,28.1,1011.0,49
2011-01-31,23.4,1011.6,82
2011-02-01,24.3,1011.7,73
2011-02-02,24.2,1012.6,71
2011-02-03,23.7,1012.1,72
2011-02-04,23.4,1010.1,71
2011-02-05,24.0,1009.4,71
2011-02-06,28.6,1009.7,54
2011-02-07,24.6,1011.7,78
2011-02-08,24.1,1011.0,79
2011-02-09,24.7,1010.4,69
2011-02-10,24.3,1009.6,78
2011-02-11,23.3,1010.6,84
2011-02-12,24.6,1010.9,79
2011-02-13,28.5,1009.5,56
2011-02-14,24.3,1010.3,80
2011-02-15,24.1,1010.2,77
2011-02-16,23.8,1011.0,76
2011-02-17,22.2,1010.7,90
2011-02-18,22.6,1009.9,80
2011-02-19,23.4,1008.4,71
2011-02-20,27.8,1008.6,49
2011-02-21,23.2,1011.7,62
2011-02-22,24.1,1010.7,71
2011-02-23,23.9,1010.1,70
2011-02-24,22.8,1012.2,57
2011-02-25,24.3,1012.5,64
2011-02-26,23.8,1011.5,53
2011-02-27,26.5,1010.9,47
2011-02-28,23.6,1011.8,61
2011-03-01,24.2,1009.6,62
2011-03-02,23.6,1007.8,72
2011-03-03,24.5,1008.4,64
2011-03-04,24.8,1008.3,61
2011-03-05,24.9,1008.6,63
2011-03-06,29.1,1007.5,46
2011-03-07,24.8,1008.4,68
2011-03-08,23.9,1010.8,67
2011-03-09,23.1,1010.9,66
2011-03-10,23.9,1009.4,51
2011-03-11,23.6,1010.6,70
2011-03-12,23.4,1011.5,56
2011-03-13,28.7,1010.1,33
2011-03-14,23.6,1011.2,64
2011-03-15,23.9,1012.8,61
2011-03-16,23.9,1012.8,61
2011-03-17,24.0,1011.5,70
2011-03-18,23.9,1010.9,66
2011-03-19,23.1,1010.5,56
2011-03-20,28.6,1009.2,31
2011-03-21,22.9,1010.0,64
2011-03-22,22.9,1010.0,65
2011-03-23,23.9,1009.2,53
2011-03-24,24.1,1009.2,76
2011-03-25,24.6,1009.2,81
2011-03-26,25.0,1008.9,81
2011-03-27,28.6,1008.6,62
2011-03-28,24.9,1008.9,75
2011-03-29,24.9,1009.9,72
2011-03-30,25.1,1008.2,82
2011-03-31,25.2,1007.8,83
2011-04-01,24.7,1009.1,77
2011-04-02,24.7,1009.6,82
2011-04-03,28.5,1009.5,60
2011-04-04,24.7,1011.0,70
2011-04-05,24.6,1010.4,78
2011-04-06,25.0,1010.5,76
2011-04-07,25.3,1009.7,65
2011-04-08,24.9,1010.3,66
2011-04-09,25.1,1010.7,67
2011-04-10,30.9,1009.1,37
2011-04-11,25.0,1009.7,63
2011-04-12,25.6,1008.9,61
2011-04-13,22.2,1009.6,89
2011-04-14,22.8,1008.9,85
2011-04-15,24.2,1007.8,76
2011-04-16,25.0,1007.3,70
2011-04-17,29.7,1006.6,44
2011-04-18,24.8,1008.9,66
2011-04-19,25.0,1009.0,65
2011-04-20,24.2,1007.4,76
2011-04-21,24.5,1007.8,69
2011-04-22,24.9,1008.5,67
2011-04-23,26.0,1008.6,53
2011-04-24,29.4,1007.9,50
2011-04-25,26.0,1008.3,70
2011-04-26,26.1,1009.0,76
2011-04-27,23.3,1010.8,88
2011-04-28,25.5,1010.3,65
2011-04-29,25.1,1008.1,72
2011-04-30,25.8,1006.9,70
2011-05-01,30.1,1006.3,45
2011-05-02,22.8,1009.6,91
2011-05-03,25.6,1009.1,69
2011-05-04,25.5,1008.4,70
2011-05-05,24.8,1008.1,65
2011-05-06,25.4,1009.0,55
2011-05-07,25.9,1008.4,70
2011-05-08,28.8,1006.5,52
2011-05-09,25.9,1005.5,75
2011-05-10,24.5,1005.6,85
2011-05-11,26.1,1007.4,71
2011-05-12,25.5,1006.1,78
2011-05-13,24.3,1004.3,76
2011-05-14,24.1,1004.7,81
2011-05-15,28.6,1004.0,69
2011-05-16,25.0,1004.9,84
2011-05-17,25.1,1005.4,81
2011-05-18,25.6,1007.5,81
2011-05-19,23.1,1009.5,94
2011-05-20,23.6,1007.9,89
2011-05-21,25.2,1007.9,82
2011-05-22,28.7,1007.8,70
2011-05-23,25.5,1008.3,83
2011-05-24,24.6,1007.1,89
2011-05-25,24.2,1008.1,91
2011-05-26,25.1,1008.5,88
2011-05-27,26.2,1007.4,84
2011-05-28,24.3,1006.9,86
2011-05-29,28.6,1007.5,69
2011-05-30,24.6,1008.4,88
2011-05-31,24.8,1008.7,87
2011-06-01,23.5,1008.1,96
2011-06-02,24.5,1007.2,90
2011-06-03,23.9,1006.9,96
2011-06-04,24.1,1007.5,94
2011-06-05,25.7,1006.4,84
2011-06-06,23.7,1006.2,95
2011-06-07,26.1,1006.5,85
2011-06-08,25.3,1007.6,93
2011-06-09,25.6,1007.9,92
2011-06-10,26.8,1007.5,87
2011-06-11,26.8,1008.1,87
2011-06-12,30.3,1007.3,62
2011-06-13,27.1,1008.6,84
2011-06-14,26.7,1007.7,87
2011-06-15,26.6,1007.5,85
2011-06-16,26.4,1009.0,82
2011-06-17,26.9,1010.4,83
2011-06-18,26.7,1010.4,79
2011-06-19,30.4,1009.0,58
2011-06-20,26.3,1009.0,82
2011-06-21,27.1,1009.5,85
2011-06-22,27.3,1010.3,81
2011-06-23,26.2,1009.9,85
2011-06-24,26.7,1008.6,82
2011-06-25,25.7,1010.1,86
2011-06-26,29.0,1010.3,62
2011-06-27,24.2,1012.0,86
2011-06-28,26.5,1010.2,82
2011-06-29,27.7,1008.6,77
2011-06-30,26.1,1008.2,80
2011-07-01,24.8,1009.1,84
2011-07-02,23.2,1008.2,94
2011-07-03,25.7,1007.2,86
2011-07-04,24.1,1008.7,94
2011-07-05,25.0,1009.6,89
2011-07-06,26.1,1009.7,80
2011-07-07,23.6,1009.9,91
2011-07-08,25.2,1009.8,84
2011-07-09,25.9,1010.0,83
2011-07-10,29.0,1009.0,72
2011-07-11,25.9,1009.6,82
2011-07-12,23.5,1010.5,94
2011-07-13,25.4,1008.9,91
2011-07-14,25.0,1008.0,92
2011-07-15,24.2,1009.2,93
2011-07-16,26.0,1010.2,83
2011-07-17,28.7,1009.8,68
2011-07-18,27.1,1008.5,78
2011-07-19,25.7,1007.8,86
2011-07-20,26.4,1009.1,83
2011-07-21,26.6,1010.1,83
2011-07-22,26.7,1010.0,79
2011-07-23,24.8,1010.7,90
2011-07-24,26.0,1010.5,89
2011-07-25,26.8,1008.2,81
2011-07-26,26.4,1007.5,76
2011-07-27,24.3,1008.6,91
2011-07-28,24.2,1009.0,91
2011-07-29,25.1,1007.8,86
2011-07-30,24.5,1007.5,89
2011-07-31,29.9,1008.2,65
2011-08-01,26.0,1007.7,83
2011-08-02,26.0,1005.6,83
2011-08-03,24.1,1004.8,93
2011-08-04,24.5,1009.1,92
2011-08-05,27.1,1010.5,88
2011-08-06,26.7,1010.2,86
2011-08-07,28.7,1009.5,76
2011-08-08,26.9,1009.0,87
2011-08-09,27.1,1007.8,86
2011-08-10,26.5,1006.7,88
2011-08-11,25.7,1008.0,89
2011-08-12,27.2,1008.6,86
2011-08-13,26.3,1007.4,76
2011-08-14,27.4,1006.4,77
2011-08-15,26.7,1008.3,87
2011-08-16,24.6,1009.7,91
2011-08-17,25.1,1009.0,88
2011-08-18,26.1,1006.5,83
2011-08-19,25.7,1006.1,83
2011-08-20,26.3,1008.1,84
2011-08-21,31.8,1005.7,54
2011-08-22,26.5,1000.0,75
2011-08-23,25.2,999.6,92
2011-08-24,24.8,1005.2,91
2011-08-25,26.1,1008.0,87
2011-08-26,25.8,1009.7,88
2011-08-27,25.5,1007.4,87
2011-08-28,29.0,1007.2,70
2011-08-29,26.5,1008.5,84
2011-08-30,26.0,1008.4,87
2011-08-31,26.7,1008.2,82
2011-09-01,26.2,1007.8,83
2011-09-02,26.2,1008.2,86
2011-09-03,26.4,1007.6,86
2011-09-04,30.2,1006.9,69
2011-09-05,26.7,1007.1,82
2011-09-06,26.8,1007.3,83
2011-09-07,26.6,1007.0,84
2011-09-08,25.0,1007.7,88
2011-09-09,23.9,1008.3,94
2011-09-10,26.7,1007.0,76
2011-09-11,30.6,1006.1,61
2011-09-12,24.5,1006.4,93
2011-09-13,24.7,1004.8,90
2011-09-14,25.3,1006.9,90
2011-09-15,26.8,1009.0,86
2011-09-16,26.5,1008.7,80
2011-09-17,24.9,1007.4,79
2011-09-18,28.4,1006.6,69
2011-09-19,23.5,1007.6,93
2011-09-20,24.0,1008.1,92
2011-09-21,25.6,1008.0,88
2011-09-22,25.4,1009.2,88
2011-09-23,26.4,1008.9,86
2011-09-24,24.8,1008.2,86
2011-09-25,28.6,1006.9,69
2011-09-26,26.2,1007.0,87
2011-09-27,26.3,1006.6,89
2011-09-28,25.4,1006.0,89
2011-09-29,24.6,1004.5,91
2011-09-30,25.7,1004.4,86
2011-10-01,26.5,1006.1,86
2011-10-02,29.5,1007.2,70
2011-10-03,25.9,1008.5,86
2011-10-04,25.9,1007.6,81
2011-10-05,25.0,1006.2,83
2011-10-06,25.0,1005.9,88
2011-10-07,24.1,1006.8,93
2011-10-08,24.0,1006.6,94
2011-10-09,28.6,1005.8,75
2011-10-10,25.3,1006.1,87
2011-10-11,25.4,1005.9,88
2011-10-12,26.0,1004.9,84
2011-10-13,24.9,1005.4,89
2011-10-14,24.7,1006.8,92
2011-10-15,26.0,1007.4,74
2011-10-16,28.3,1005.9,66
2011-10-17,25.3,1005.9,87
2011-10-18,25.3,1006.9,89
2011-10-19,25.4,1007.9,86
2011-10-20,25.6,1006.7,82
2011-10-21,24.7,1004.8,82
2011-10-22,25.7,1004.6,78
2011-10-23,28.2,1005.3,71
2011-10-24,26.1,1007.6,83
2011-10-25,25.8,1006.5,80
2011-10-26,24.8,1005.0,86
2011-10-27,26.0,1005.4,81
2011-10-28,25.1,1006.7,85
2011-10-29,25.6,1007.4,85
2011-10-30,29.2,1006.9,65
2011-10-31,24.4,1007.0,86
2011-11-01,24.2,1006.6,90
2011-11-02,24.7,1007.3,84
2011-11-03,22.8,1006.2,92
2011-11-04,24.3,1004.9,92
2011-11-05,24.9,1004.1,91
2011-11-06,28.6,1005.1,69
2011-11-07,25.6,1005.2,81
2011-11-08,25.3,1005.0,80
2011-11-09,24.9,1004.9,83
2011-11-10,24.1,1005.2,90
2011-11-11,24.3,1008.1,85
2011-11-12,23.9,1009.5,88
2011-11-13,27.2,1007.8,72
2011-11-14,24.3,1009.0,85
2011-11-15,24.4,1008.0,83
2011-11-16,24.1,1007.4,81
2011-11-17,24.1,1006.6,86
2011-11-18,24.3,1008.4,82
2011-11-19,24.3,1009.4,79
2011-11-20,28.2,1007.6,59
2011-11-21,24.2,1008.6,78
2011-11-22,24.5,1009.9,75
2011-11-23,24.9,1009.8,78
2011-11-24,24.7,1009.5,79
2011-11-25,23.9,1008.3,79
2011-11-26,22.7,1007.7,86
2011-11-27,26.4,1005.0,69
2011-11-28,24.1,1004.4,77
2011-11-29,24.3,1004.8,81
2011-11-30,23.9,1005.8,77
2011-12-01,23.7,1008.7,76
2011-12-02,24.3,1009.5,75
2011-12-03,23.0,1008.8,81
2011-12-04,27.7,1005.5,56
2011-12-05,23.6,1005.6,75
2011-12-06,23.7,1005.4,78
2011-12-07,24.1,1006.8,73
2011-12-08,24.4,1008.4,80
2011-12-09,23.3,1008.5,87
2011-12-10,22.6,1007.0,91
2011-12-11,28.2,1005.7,56
2011-12-12,24.6,1007.4,77
2011-12-13,24.1,1007.2,77
2011-12-14,22.9,1008.2,82
2011-12-15,22.9,1009.3,64
2011-12-16,23.1,1010.7,73
2011-12-17,23.0,1010.4,73
2011-12-18,25.7,1009.5,64
2011-12-19,22.5,1012.1,64
2011-12-20,22.5,1012.6,80
2011-12-21,23.2,1012.1,68
2011-12-22,24.0,1012.2,74
2011-12-23,23.7,1011.8,76
2011-12-24,23.8,1012.3,69
2011-12-25,27.5,1011.4,59
2011-12-26,23.8,1012.3,78
2011-12-27,23.2,1012.1,82
2011-12-28,24.0,1011.7,77
2011-12-29,23.9,1012.1,78
2011-12-30,23.9,1012.5,82
2011-12-31,23.4,1013.1,84
2012-01-01,26.2,1011.4,73
2012-01-02,24.4,1010.9,76
2012-01-03,24.8,1011.3,74
2012-01-04,21.7,1013.2,80
2012-01-05,22.4,1011.7,73
2012-01-06,22.5,1012.2,72
2012-01-07,22.9,1011.8,83
2012-01-08,27.0,1010.2,64
2012-01-09,23.3,1010.9,85
2012-01-10,23.7,1009.0,85
2012-01-11,24.1,1009.4,76
2012-01-12,23.5,1010.6,79
2012-01-13,24.3,1012.1,81
2012-01-14,24.1,1013.0,79
2012-01-15,27.7,1013.3,59
2012-01-16,23.2,1014.5,75
2012-01-17,22.3,1013.5,78
2012-01-18,22.7,1011.5,79
2012-01-19,24.3,1010.4,73
2012-01-20,22.8,1012.1,66
2012-01-21,23.2,1011.4,74
2012-01-22,27.7,1010.1,50
2012-01-23,23.3,1010.2,66
2012-01-24,23.2,1011.8,60
2012-01-25,23.1,1011.8,68
2012-01-26,22.9,1011.5,70
2012-01-27,23.3,1012.8,71
2012-01-28,23.2,1012.9,76
2012-01-29,26.5,1011.9,62
2012-01-30,22.3,1012.5,81
2012-01-31,22.8,1012.7,77
2012-02-01,23.4,1011.6,70
2012-02-02,23.7,1010.4,71
2012-02-03,23.4,1010.6,76
2012-02-04,23.1,1010.7,68
2012-02-05,27.5,1008.6,54
2012-02-06,24.1,1010.2,76
2012-02-07,24.3,1009.7,73
2012-02-08,24.5,1008.9,75
2012-02-09,24.4,1009.9,80
2012-02-10,24.3,1010.5,82
2012-02-11,23.9,1009.0,81
2012-02-12,27.7,1008.2,60
2012-02-13,21.4,1010.9,86
2012-02-14,23.3,1011.8,76
2012-02-15,23.4,1012.5,71
2012-02-16,23.0,1011.6,74
2012-02-17,23.6,1010.2,72
2012-02-18,23.8,1009.4,68
2012-02-19,27.7,1009.1,51
2012-02-20,23.6,1010.6,74
2012-02-21,24.2,1011.4,69
2012-02-22,24.7,1010.1,69
2012-02-23,24.4,1009.8,79
2012-02-24,24.9,1011.4,76
2012-02-25,25.3,1011.5,72
2012-02-26,27.5,1012.7,58
2012-02-27,24.0,1013.2,70
2012-02-28,23.8,1012.6,69
2012-02-29,21.9,1012.3,84
2012-03-01,24.4,1011.6,66
2012-03-02,24.7,1011.3,71
2012-03-03,24.7,1010.2,77
2012-03-04,27.7,1010.6,61
2012-03-05,24.8,1012.1,74
2012-03-06,23.9,1013.7,69
2012-03-07,23.9,1013.3,60
2012-03-08,22.9,1012.2,75
2012-03-09,22.5,1010.9,79
2012-03-10,24.3,1011.3,65
2012-03-11,27.9,1011.1,49
2012-03-12,23.9,1011.3,59
2012-03-13,23.8,1011.2,64
2012-03-14,23.6,1011.3,72
2012-03-15,23.3,1011.7,76
2012-03-16,23.3,1011.5,77
2012-03-17,23.0,1011.6,82
2012-03-18,27.7,1008.9,55
2012-03-19,23.0,1009.2,73
2012-03-20,24.1,1008.9,66
2012-03-21,22.4,1009.7,79
2012-03-22,21.3,1009.5,86
2012-03-23,23.3,1008.8,74
2012-03-24,24.5,1009.1,65
2012-03-25,28.2,1008.2,59
2012-03-26,24.9,1007.7,80
2012-03-27,25.2,1010.1,74
2012-03-28,23.3,1010.4,76
2012-03-29,22.3,1009.6,87
2012-03-30,23.7,1011.1,83
2012-03-31,24.0,1009.9,86
2012-04-01,28.0,1007.5,65
2012-04-02,24.7,1006.1,81
2012-04-03,24.0,1007.8,82
2012-04-04,24.6,1007.4,77
2012-04-05,24.9,1007.7,79
2012-04-06,25.1,1007.4,79
2012-04-07,25.1,1009.0,77
2012-04-08,29.3,1006.8,55
2012-04-09,22.3,1007.4,89
2012-04-10,24.3,1008.0,82
2012-04-11,24.3,1008.6,83
2012-04-12,24.3,1009.0,80
2012-04-13,22.6,1009.8,87
2012-04-14,23.3,1011.7,66
2012-04-15,26.5,1011.7,45
2012-04-16,23.3,1011.9,61
2012-04-17,24.3,1010.1,58
2012-04-18,24.0,1009.3,63
2012-04-19,24.6,1008.1,65
2012-04-20,24.9,1007.3,72
2012-04-21,25.2,1006.2,76
2012-04-22,28.6,1005.7,66
2012-04-23,25.2,1006.1,84
2012-04-24,24.9,1006.9,87
2012-04-25,22.8,1009.7,93
2012-04-26,24.2,1009.8,84
2012-04-27,23.6,1010.4,88
2012-04-28,25.1,1009.3,72
2012-04-29,29.0,1008.5,56
2012-04-30,24.0,1008.4,85
2012-05-01,25.5,1008.3,71
2012-05-02,23.5,1009.5,85
2012-05-03,24.0,1009.5,85
2012-05-04,23.4,1007.8,89
2012-05-05,23.3,1007.9,85
2012-05-06,29.2,1006.0,51
2012-05-07,25.2,1006.7,71
2012-05-08,25.7,1007.0,76
2012-05-09,25.4,1006.4,79
2012-05-10,25.5,1007.2,82
2012-05-11,25.6,1009.7,82
2012-05-12,24.0,1011.2,86
2012-05-13,28.9,1008.9,64
2012-05-14,24.6,1009.9,83
2012-05-15,25.1,1009.6,81
2012-05-16,25.1,1008.5,79
2012-05-17,25.5,1007.7,82
2012-05-18,25.0,1007.5,85
2012-05-19,25.0,1008.1,87
2012-05-20,29.1,1008.8,62
2012-05-21,26.0,1010.4,80
2012-05-22,25.8,1009.1,81
2012-05-23,25.9,1009.2,81
2012-05-24,25.6,1010.0,80
2012-05-25,25.9,1010.0,79
2012-05-26,26.3,1008.4,71
2012-05-27,29.9,1008.1,53
2012-05-28,26.6,1008.9,74
2012-05-29,26.5,1008.4,75
2012-05-30,26.1,1008.6,80
2012-05-31,26.4,1010.0,83
2012-06-01,26.5,1011.4,85
2012-06-02,25.5,1011.1,82
2012-06-03,29.9,1010.0,56
2012-06-04,25.9,1008.5,80
2012-06-05,25.9,1009.3,74
2012-06-06,26.1,1010.9,84
2012-06-07,27.0,1010.3,80
2012-06-08,26.6,1008.2,83
2012-06-09,26.7,1008.2,77
2012-06-10,31.1,1008.7,55
2012-06-11,26.8,1008.4,74
2012-06-12,26.9,1007.9,77
2012-06-13,26.9,1009.3,77
2012-06-14,26.8,1010.3,73
2012-06-15,26.8,1008.9,78
2012-06-16,25.8,1007.6,83
2012-06-17,25.1,1008.4,87
2012-06-18,24.8,1010.3,92
2012-06-19,26.3,1009.6,80
2012-06-20,26.4,1008.9,83
2012-06-21,26.7,1007.5,84
2012-06-22,26.3,1009.2,84
2012-06-23,26.4,1010.8,81
2012-06-24,29.4,1010.6,60
2012-06-25,26.4,1009.2,78
2012-06-26,26.2,1010.1,81
2012-06-27,26.8,1012.5,83
2012-06-28,27.1,1011.7,79
2012-06-29,25.0,1010.2,83
2012-06-30,26.8,1009.3,78
2012-07-01,30.5,1010.4,57
2012-07-02,26.6,1010.0,75
2012-07-03,26.2,1010.7,78
2012-07-04,26.9,1008.7,70
2012-07-05,23.4,1008.8,93
2012-07-06,26.7,1009.5,85
2012-07-07,26.5,1010.1,77
2012-07-08,29.7,1009.5,59
2012-07-09,26.1,1008.6,80
2012-07-10,26.7,1009.1,85
2012-07-11,27.0,1008.8,76
2012-07-12,25.6,1008.1,80
2012-07-13,25.3,1009.3,83
2012-07-14,27.0,1010.9,78
2012-07-15,30.8,1010.6,59
2012-07-16,27.0,1009.7,81
2012-07-17,27.6,1010.2,74
2012-07-18,26.2,1011.5,76
2012-07-19,25.8,1010.9,81
2012-07-20,25.0,1009.8,86
2012-07-21,25.1,1010.6,86
2012-07-22,30.6,1011.1,64
2012-07-23,27.1,1011.8,76
2012-07-24,26.0,1011.4,82
2012-07-25,27.0,1010.5,77
2012-07-26,27.1,1010.5,77
2012-07-27,27.3,1010.9,67
2012-07-28,26.7,1010.7,73
2012-07-29,30.8,1009.0,63
2012-07-30,26.8,1009.0,75
2012-07-31,23.9,1009.9,95
2012-08-01,24.5,1010.8,93
2012-08-02,26.5,1009.2,87
2012-08-03,27.0,1008.2,76
2012-08-04,23.7,1009.9,95
2012-08-05,28.4,1010.9,74
2012-08-06,27.0,1009.0,84
2012-08-07,25.2,1008.2,86
2012-08-08,25.0,1009.1,86
2012-08-09,25.0,1008.7,88
2012-08-10,27.0,1009.6,84
2012-08-11,27.3,1009.8,81
2012-08-12,31.1,1008.1,55
2012-08-13,24.2,1010.8,89
2012-08-14,27.1,1009.4,79
2012-08-15,26.8,1009.5,79
2012-08-16,26.0,1010.0,83
2012-08-17,27.0,1008.4,84
2012-08-18,25.9,1009.5,84
2012-08-19,30.1,1010.8,67
2012-08-20,27.0,1010.1,75
2012-08-21,25.9,1010.6,78
2012-08-22,26.9,1007.3,78
2012-08-23,24.1,1001.6,92
2012-08-24,24.1,1003.3,93
2012-08-25,22.8,1006.7,95
2012-08-26,28.8,1009.1,69
2012-08-27,24.2,1011.8,90
2012-08-28,25.1,1010.8,88
2012-08-29,27.0,1009.2,78
2012-08-30,25.0,1009.5,87
2012-08-31,26.1,1009.7,80
2012-09-01,25.7,1008.5,81
2012-09-02,30.2,1007.3,59
2012-09-03,26.1,1009.1,87
2012-09-04,26.3,1009.2,81
2012-09-05,26.8,1009.3,84
2012-09-06,26.9,1008.5,84
2012-09-07,26.5,1007.9,84
2012-09-08,26.4,1008.4,84
2012-09-09,30.3,1009.0,64
2012-09-10,26.5,1009.1,86
2012-09-11,26.6,1008.5,79
2012-09-12,25.6,1006.8,83
2012-09-13,25.8,1007.0,83
2012-09-14,26.9,1008.0,81
2012-09-15,26.6,1008.4,82
2012-09-16,30.2,1007.4,68
2012-09-17,26.1,1009.5,84
2012-09-18,25.9,1009.1,86
2012-09-19,25.4,1008.9,90
2012-09-20,26.2,1005.7,88
2012-09-21,26.5,1006.7,81
2012-09-22,26.7,1009.0,83
2012-09-23,30.6,1007.9,59
2012-09-24,26.5,1008.4,84
2012-09-25,25.8,1009.4,81
2012-09-26,25.9,1008.6,84
2012-09-27,24.6,1007.4,87
2012-09-28,24.9,1007.6,90
2012-09-29,24.8,1008.1,93
2012-09-30,29.1,1008.0,72
2012-10-01,26.0,1008.5,85
2012-10-02,24.8,1010.2,87
2012-10-03,25.5,1010.1,83
2012-10-04,26.3,1007.8,75
2012-10-05,26.0,1004.7,78
2012-10-06,25.4,1003.6,86
2012-10-07,29.5,1004.9,63
2012-10-08,25.8,1009.2,88
2012-10-09,23.5,1009.7,96
2012-10-10,25.2,1007.2,87
2012-10-11,25.7,1006.4,86
2012-10-12,25.6,1005.9,86
2012-10-13,25.8,1003.5,82
2012-10-14,30.6,1001.2,61
2012-10-15,26.1,1000.5,87
2012-10-16,25.9,1002.7,87
2012-10-17,26.7,1005.2,85
2012-10-18,24.9,1006.5,91
2012-10-19,25.4,1006.0,86
2012-10-20,25.3,1005.5,86
2012-10-21,29.0,1004.7,63
2012-10-22,24.6,1005.0,87
2012-10-23,23.6,1005.4,95
2012-10-24,24.8,1003.2,91
2012-10-25,24.2,1002.7,95
2012-10-26,24.6,1001.7,92
2012-10-27,25.9,1001.6,88
2012-10-28,29.8,1001.4,61
2012-10-29,25.3,1004.5,87
2012-10-30,25.6,1007.5,87
2012-10-31,24.7,1008.7,88
2012-11-01,25.1,1008.2,82
2012-11-02,24.1,1009.0,87
2012-11-03,24.8,1009.2,85
2012-11-04,26.2,1007.9,78
2012-11-05,25.5,1007.0,85
2012-11-06,25.1,1006.4,91
2012-11-07,25.1,1006.7,93
2012-11-08,25.1,1006.8,89
2012-11-09,24.4,1007.3,85
2012-11-10,23.4,1009.6,84
2012-11-11,27.4,1007.4,67
2012-11-12,24.5,1007.2,82
2012-11-13,24.2,1007.2,86
2012-11-14,24.2,1007.6,87
2012-11-15,23.9,1006.8,89
2012-11-16,23.3,1007.4,90
2012-11-17,24.9,1007.8,90
2012-11-18,28.2,1006.8,75
2012-11-19,25.2,1006.5,86
2012-11-20,24.6,1005.2,84
2012-11-21,24.9,1005.8,83
2012-11-22,23.8,1006.8,89
2012-11-23,23.3,1008.2,76
2012-11-24,24.2,1008.7,77
2012-11-25,28.2,1008.7,66
2012-11-26,24.2,1012.3,81
2012-11-27,24.0,1010.9,67
2012-11-28,25.1,1008.7,84
2012-11-29,23.5,1009.0,89
2012-11-30,24.5,1008.6,78
2012-12-01,23.5,1007.4,87
2012-12-02,28.1,1004.6,59
2012-12-03,22.8,1008.8,81
2012-12-04,23.0,1010.5,81
2012-12-05,22.8,1008.6,82
2012-12-06,22.4,1007.9,90
2012-12-07,22.4,1009.4,93
2012-12-08,23.8,1010.2,88
2012-12-09,28.6,1009.6,61
2012-12-10,23.2,1010.1,86
2012-12-11,24.0,1010.3,78
2012-12-12,24.0,1010.2,84
2012-12-13,24.2,1008.2,76
2012-12-14,23.7,1007.4,85
2012-12-15,23.1,1008.5,81
2012-12-16,27.1,1007.5,58
2012-12-17,23.6,1008.6,77
2012-12-18,24.1,1008.3,80
2012-12-19,24.4,1009.2,77
2012-12-20,23.3,1009.1,78
2012-12-21,23.5,1008.9,79
2012-12-22,22.8,1009.6,80
2012-12-23,26.7,1008.4,53
2012-12-24,23.5,1008.8,78
2012-12-25,24.5,1008.9,80
2012-12-26,25.2,1009.2,76
2012-12-27,25.0,1009.5,82
2012-12-28,23.9,1010.0,82
2012-12-29,24.3,1010.9,76
2012-12-30,28.4,1010.5,52
2012-12-31,23.3,1012.1,71
2013-01-01,23.3,1011.0,81
2013-01-02,24.8,1011.0,74
2013-01-03,24.7,1012.8,74
2013-01-04,24.8,1013.5,76
2013-01-05,24.1,1014.0,72
2013-01-06,28.7,1011.6,48
2013-01-07,24.0,1012.2,84
2013-01-08,24.5,1014.1,73
2013-01-09,23.9,1014.8,75
2013-01-10,23.9,1013.8,67
2013-01-11,23.1,1011.2,68
2013-01-12,23.0,1010.1,76
2013-01-13,27.5,1009.0,50
2013-01-14,22.4,1011.4,71
2013-01-15,22.9,1011.0,75
2013-01-16,23.5,1011.1,66
2013-01-17,24.2,1011.7,73
2013-01-18,24.1,1012.2,75
2013-01-19,24.1,1011.6,70
2013-01-20,27.1,1009.3,60
2013-01-21,24.2,1010.5,75
2013-01-22,24.1,1011.1,80
2013-01-23,24.2,1012.0,79
2013-01-24,24.0,1011.3,79
2013-01-25,24.1,1012.1,67
2013-01-26,23.9,1012.1,79
2013-01-27,27.8,1012.4,61
2013-01-28,23.7,1014.4,78
2013-01-29,23.3,1012.9,77
2013-01-30,24.1,1011.3,74
2013-01-31,23.4,1011.4,81
2013-02-01,23.9,1012.0,76
2013-02-02,23.1,1010.3,63
2013-02-03,27.6,1008.0,49
2013-02-04,24.2,1009.2,73
2013-02-05,23.5,1010.2,65
2013-02-06,24.0,1009.6,74
2013-02-07,24.1,1009.4,72
2013-02-08,24.5,1009.4,76
2013-02-09,24.5,1010.2,76
2013-02-10,28.6,1011.2,45
2013-02-11,22.1,1013.3,82
2013-02-12,23.3,1012.2,64
2013-02-13,23.5,1010.4,72
2013-02-14,24.2,1010.6,76
2013-02-15,24.1,1010.5,80
2013-02-16,23.9,1009.4,81
2013-02-17,28.4,1009.8,53
2013-02-18,25.0,1011.9,62
2013-02-19,24.7,1011.0,67
2013-02-20,24.3,1009.1,74
2013-02-21,24.6,1009.8,79
2013-02-22,24.9,1010.6,67
2013-02-23,24.6,1010.0,66
2013-02-24,28.2,1008.7,48
2013-02-25,24.0,1007.6,71
2013-02-26,24.0,1009.4,72
2013-02-27,23.8,1009.2,68
2013-02-28,24.1,1007.4,82
2013-03-01,24.6,1006.0,74
2013-03-02,24.1,1006.7,76
2013-03-03,27.5,1007.3,60
2013-03-04,22.8,1011.1,73
2013-03-05,23.6,1011.9,64
2013-03-06,24.7,1010.5,64
2013-03-07,24.9,1011.2,65
2013-03-08,24.2,1011.2,62
2013-03-09,24.1,1010.1,57
2013-03-10,27.4,1008.2,43
2013-03-11,23.9,1009.2,52
2013-03-12,24.6,1009.7,57
2013-03-13,24.2,1008.7,65
2013-03-14,24.2,1007.7,65
2013-03-15,24.3,1009.8,63
2013-03-16,22.9,1011.6,60
2013-03-17,27.8,1010.6,50
2013-03-18,25.1,1010.8,61
2013-03-19,24.9,1008.8,73
2013-03-20,24.5,1006.2,76
2013-03-21,25.0,1006.8,80
2013-03-22,24.3,1010.5,82
2013-03-23,25.7,1009.4,79
2013-03-24,29.1,1007.1,56
2013-03-25,24.7,1008.0,75
2013-03-26,24.9,1009.1,80
2013-03-27,25.7,1010.1,72
2013-03-28,21.3,1011.7,92
2013-03-29,22.3,1013.3,72
2013-03-30,23.5,1013.9,67
2013-03-31,24.7,1012.7,76
2013-04-01,24.5,1011.4,81
2013-04-02,24.5,1010.2,84
2013-04-03,24.7,1009.9,83
2013-04-04,25.0,1010.3,80
2013-04-05,24.6,1009.7,82
2013-04-06,24.6,1009.7,83
2013-04-07,29.0,1009.2,59
2013-04-08,25.3,1009.8,81
2013-04-09,24.2,1010.4,81
2013-04-10,24.9,1009.4,75
2013-04-11,25.3,1009.0,71
2013-04-12,25.5,1008.7,69
2013-04-13,25.6,1008.3,75
2013-04-14,28.0,1008.6,62
2013-04-15,25.5,1010.1,81
2013-04-16,25.4,1010.2,69
2013-04-17,25.0,1008.8,70
2013-04-18,24.0,1010.3,78
2013-04-19,24.6,1011.8,70
2013-04-20,22.9,1011.1,84
2013-04-21,28.3,1009.8,56
2013-04-22,24.6,1008.9,68
2013-04-23,25.0,1008.8,74
2013-04-24,25.4,1009.3,75
2013-04-25,25.6,1010.0,64
2013-04-26,25.3,1010.2,61
2013-04-27,25.1,1008.6,69
2013-04-28,29.7,1007.8,46
2013-04-29,25.3,1008.8,68
2013-04-30,25.8,1008.9,74
2013-05-01,25.6,1007.6,80
2013-05-02,26.0,1005.9,77
2013-05-03,25.5,1004.6,80
2013-05-04,25.8,1003.4,79
2013-05-05,29.9,1004.4,61
2013-05-06,26.6,1008.9,76
2013-05-07,26.0,1011.0,81
2013-05-08,24.2,1012.8,90
2013-05-09,24.3,1013.2,85
2013-05-10,24.4,1010.4,90
2013-05-11,25.7,1009.2,70
2013-05-12,30.6,1007.5,45
2013-05-13,26.7,1009.8,74
2013-05-14,25.1,1010.1,81
2013-05-15,23.9,1009.7,88
2013-05-16,25.2,1010.2,83
2013-05-17,24.7,1011.3,86
2013-05-18,26.0,1010.5,76
2013-05-19,28.6,1009.8,64
2013-05-20,24.7,1010.0,82
2013-05-21,24.7,1009.5,78
2013-05-22,23.2,1010.6,90
2013-05-23,24.7,1010.8,82
2013-05-24,25.8,1010.9,77
2013-05-25,24.7,1010.4,86
2013-05-26,25.4,1011.3,88
2013-05-27,24.3,1010.2,85
2013-05-28,24.1,1010.2,89
2013-05-29,25.0,1010.6,86
2013-05-30,25.0,1010.8,85
2013-05-31,24.7,1011.0,84
2013-06-01,25.4,1010.7,90
2013-06-02,26.5,1010.2,77
2013-06-03,25.8,1010.0,84
2013-06-04,24.1,1010.3,92
2013-06-05,25.8,1009.1,84
2013-06-06,25.0,1009.7,85
2013-06-07,25.9,1010.0,76
2013-06-08,24.9,1010.4,85
2013-06-09,28.5,1010.7,67
2013-06-10,24.3,1011.0,88
2013-06-11,25.3,1011.0,82
2013-06-12,25.8,1011.5,86
2013-06-13,26.5,1009.9,84
2013-06-14,24.8,1010.4,91
2013-06-15,26.3,1010.2,87
2013-06-16,28.3,1010.2,75
2013-06-17,26.2,1010.9,86
2013-06-18,26.8,1010.6,73
2013-06-19,23.7,1010.7,87
2013-06-20,24.1,1012.1,87
2013-06-21,26.1,1011.4,74
2013-06-22,25.5,1010.4,76
2013-06-23,28.7,1010.0,67
2013-06-24,25.5,1011.0,81
2013-06-25,26.4,1010.6,81
2013-06-26,24.9,1010.6,86
2013-06-27,24.2,1011.0,91
2013-06-28,25.6,1009.6,87
2013-06-29,25.1,1009.5,84
2013-06-30,28.9,1008.8,66
2013-07-01,25.3,1012.3,86
2013-07-02,25.0,1012.1,83
2013-07-03,25.2,1011.8,79
2013-07-04,25.2,1011.9,81
2013-07-05,26.0,1010.2,79
2013-07-06,26.2,1008.8,74
2013-07-07,26.8,1009.4,76
2013-07-08,24.5,1011.7,89
2013-07-09,26.4,1011.5,80
2013-07-10,24.2,1011.6,93
2013-07-11,26.5,1010.3,87
2013-07-12,26.4,1009.3,80
2013-07-13,25.9,1009.5,73
2013-07-14,27.4,1008.7,76
2013-07-15,25.3,1009.3,80
2013-07-16,26.2,1011.3,89
2013-07-17,26.8,1010.7,78
2013-07-18,24.4,1011.8,88
2013-07-19,27.1,1012.3,79
2013-07-20,26.7,1011.7,75
2013-07-21,29.3,1010.9,63
2013-07-22,26.9,1011.2,74
2013-07-23,27.4,1009.3,82
2013-07-24,26.7,1009.2,79
2013-07-25,26.6,1011.2,85
2013-07-26,26.2,1011.1,81
2013-07-27,26.2,1009.9,79
2013-07-28,29.3,1010.1,67
2013-07-29,26.4,1011.2,78
2013-07-30,26.8,1010.8,83
2013-07-31,27.2,1010.1,78
2013-08-01,26.6,1010.0,79
2013-08-02,27.3,1011.9,79
2013-08-03,28.0,1011.1,78
2013-08-04,32.2,1009.1,53
2013-08-05,27.2,1008.8,77
2013-08-06,26.6,1008.3,76
2013-08-07,26.7,1007.3,73
2013-08-08,26.0,1007.1,81
2013-08-09,26.1,1008.7,78
2013-08-10,26.1,1009.1,79
2013-08-11,30.7,1008.1,60
2013-08-12,24.3,1010.0,87
2013-08-13,26.6,1009.4,81
2013-08-14,27.0,1009.5,82
2013-08-15,27.4,1009.2,76
2013-08-16,27.1,1008.2,69
2013-08-17,26.9,1008.5,86
2013-08-18,30.1,1008.0,69
2013-08-19,26.8,1007.1,75
2013-08-20,24.5,1009.1,89
2013-08-21,24.6,1009.6,90
2013-08-22,25.8,1007.4,81
2013-08-23,25.3,1008.3,86
2013-08-24,27.3,1009.9,78
2013-08-25,30.7,1009.8,52
2013-08-26,26.4,1007.5,80
2013-08-27,25.9,1008.4,85
2013-08-28,26.5,1009.5,86
2013-08-29,26.4,1008.9,78
2013-08-30,25.3,1008.9,89
2013-08-31,25.1,1008.8,87
2013-09-01,30.3,1007.6,65
2013-09-02,25.5,1007.8,82
2013-09-03,25.9,1007.1,81
2013-09-04,25.6,1007.1,83
2013-09-05,26.3,1006.4,81
2013-09-06,25.4,1006.7,90
2013-09-07,25.2,1007.1,90
2013-09-08,27.4,1006.5,81
2013-09-09,26.5,1008.2,84
2013-09-10,26.5,1009.2,85
2013-09-11,26.7,1008.3,73
2013-09-12,26.5,1004.4,78
2013-09-13,26.7,1003.8,80
2013-09-14,25.9,1006.7,86
2013-09-15,29.8,1007.6,64
2013-09-16,26.4,1007.1,85
2013-09-17,26.7,1007.2,84
2013-09-18,26.9,1007.0,84
2013-09-19,26.7,1007.6,86
2013-09-20,25.4,1007.4,88
2013-09-21,26.0,1005.5,89
2013-09-22,30.2,1006.0,68
2013-09-23,26.9,1009.1,80
2013-09-24,27.0,1007.6,82
2013-09-25,26.9,1006.6,80
2013-09-26,26.8,1006.4,82
2013-09-27,26.6,1006.2,81
2013-09-28,26.5,1007.3,85
2013-09-29,30.0,1006.9,64
2013-09-30,25.9,1009.2,90
2013-10-01,27.1,1008.5,82
2013-10-02,25.4,1007.9,83
2013-10-03,25.9,1007.5,83
2013-10-04,24.2,1008.6,90
2013-10-05,25.3,1007.0,91
2013-10-06,29.9,1005.4,65
2013-10-07,26.6,1007.3,83
2013-10-08,25.4,1008.4,87
2013-10-09,25.5,1007.7,88
2013-10-10,24.6,1007.3,92
2013-10-11,24.6,1006.8,91
2013-10-12,25.6,1006.9,87
2013-10-13,28.7,1005.7,70
2013-10-14,23.9,1007.0,93
2013-10-15,25.7,1006.8,84
2013-10-16,25.6,1007.1,87
2013-10-17,25.5,1007.1,85
2013-10-18,26.1,1006.9,84
2013-10-19,26.1,1006.8,82
2013-10-20,28.7,1006.5,70
2013-10-21,26.1,1008.1,85
2013-10-22,24.7,1007.7,91
2013-10-23,25.8,1007.4,81
2013-10-24,25.3,1008.4,88
2013-10-25,25.1,1009.2,88
2013-10-26,25.5,1008.7,85
2013-10-27,28.1,1007.4,75
2013-10-28,25.5,1009.8,82
2013-10-29,25.1,1008.4,86
2013-10-30,23.7,1008.6,87
2013-10-31,24.5,1006.6,81
2013-11-01,24.3,1007.0,88
2013-11-02,25.0,1006.1,87
2013-11-03,25.8,1004.2,90
2013-11-04,23.8,1005.5,92
2013-11-05,24.3,1005.9,92
2013-11-06,24.1,1006.5,88
2013-11-07,25.3,1006.5,83
2013-11-08,25.4,1007.0,85
2013-11-09,24.5,1009.0,85
2013-11-10,28.8,1007.8,66
2013-11-11,24.9,1009.5,86
2013-11-12,24.7,1008.3,89
2013-11-13,25.0,1008.4,89
2013-11-14,25.5,1009.1,77
2013-11-15,25.0,1007.6,80
2013-11-16,25.6,1007.0,80
2013-11-17,27.4,1005.0,67
2013-11-18,23.8,1004.4,76
2013-11-19,24.0,1006.2,78
2013-11-20,25.0,1009.1,74
2013-11-21,25.0,1009.7,75
2013-11-22,23.1,1008.0,87
2013-11-23,23.5,1006.3,79
2013-11-24,28.6,1006.5,60
2013-11-25,24.2,1009.5,82
2013-11-26,24.5,1008.7,81
2013-11-27,24.5,1008.3,81
2013-11-28,25.1,1009.9,74
2013-11-29,23.5,1010.2,71
2013-11-30,23.9,1008.4,77
2013-12-01,26.4,1006.2,69
2013-12-02,23.9,1006.2,87
2013-12-03,24.2,1009.3,93
2013-12-04,23.3,1010.3,89
2013-12-05,22.9,1011.5,83
2013-12-06,23.1,1011.3,82
2013-12-07,22.8,1011.3,84
2013-12-08,28.1,1010.8,46
2013-12-09,23.7,1012.3,83
2013-12-10,23.7,1012.7,86
2013-12-11,24.2,1012.2,80
2013-12-12,24.3,1010.4,81
2013-12-13,24.0,1010.8,81
2013-12-14,24.8,1011.5,76
2013-12-15,28.3,1010.5,58
2013-12-16,24.2,1011.2,83
2013-12-17,23.1,1010.3,88
2013-12-18,24.1,1011.0,78
2013-12-19,23.9,1011.5,79
2013-12-20,23.2,1012.3,85
2013-12-21,23.7,1012.8,79
2013-12-22,27.7,1011.3,61
2013-12-23,22.3,1011.4,86
2013-12-24,21.7,1008.0,84
2013-12-25,23.4,1009.0,83
2013-12-26,23.8,1012.0,84
2013-12-27,24.3,1012.5,83
2013-12-28,24.0,1011.5,81
2013-12-29,27.7,1009.3,62
2013-12-30,24.7,1011.9,76
2013-12-31,24.4,1012.5,76
2014-01-01,23.9,1011.9,75
2014-01-02,23.6,1009.3,84
2014-01-03,23.9,1010.1,85
2014-01-04,23.3,1010.7,85
2014-01-05,28.4,1010.9,54
2014-01-06,24.6,1010.7,76
2014-01-07,23.8,1011.5,84
2014-01-08,23.7,1012.9,81
2014-01-09,23.8,1013.0,73
2014-01-10,23.8,1012.3,78
2014-01-11,23.3,1012.6,81
2014-01-12,27.7,1012.1,58
2014-01-13,23.6,1012.8,78
2014-01-14,23.8,1012.2,71
2014-01-15,23.3,1010.3,71
2014-01-16,23.2,1009.8,66
2014-01-17,23.2,1010.9,82
2014-01-18,23.7,1012.0,84
2014-01-19,28.4,1011.1,56
2014-01-20,24.1,1011.0,82
2014-01-21,23.5,1009.0,82
2014-01-22,23.9,1010.9,81
2014-01-23,24.4,1012.6,76
2014-01-24,24.2,1011.5,78
2014-01-25,23.4,1010.5,87
2014-01-26,26.6,1009.5,66
2014-01-27,23.6,1010.7,81
2014-01-28,23.5,1011.9,83
2014-01-29,23.3,1011.5,79
2014-01-30,23.8,1012.0,75
2014-01-31,23.6,1011.9,74
2014-02-01,22.9,1011.3,82
2014-02-02,26.2,1009.3,67
2014-02-03,23.4,1010.4,83
2014-02-04,24.0,1010.7,71
2014-02-05,24.3,1010.5,67
2014-02-06,22.9,1011.2,84
2014-02-07,23.8,1011.6,82
2014-02-08,23.9,1010.3,79
2014-02-09,27.5,1008.9,61
2014-02-10,24.5,1009.6,78
2014-02-11,24.3,1009.9,77
2014-02-12,23.9,1008.4,81
2014-02-13,24.0,1008.6,82
2014-02-14,24.3,1010.8,82
2014-02-15,24.0,1012.3,83
2014-02-16,27.8,1010.1,54
2014-02-17,23.8,1010.7,72
2014-02-18,23.7,1011.0,73
2014-02-19,22.1,1011.2,87
2014-02-20,24.1,1011.9,68
2014-02-21,23.3,1011.8,79
2014-02-22,24.6,1010.8,69
2014-02-23,26.8,1010.4,61
2014-02-24,24.1,1009.8,77
2014-02-25,23.7,1008.8,78
2014-02-26,23.5,1006.5,75
2014-02-27,23.7,1008.6,81
2014-02-28,24.0,1009.8,80
2014-03-01,24.2,1008.7,78
2014-03-02,24.4,1008.8,73
2014-03-03,24.3,1009.9,68
2014-03-04,24.2,1009.7,63
2014-03-05,24.1,1010.9,78
2014-03-06,24.0,1010.1,77
2014-03-07,23.7,1008.9,73
2014-03-08,24.4,1010.2,77
2014-03-09,29.2,1009.0,51
2014-03-10,24.6,1009.4,68
2014-03-11,24.9,1008.3,70
2014-03-12,24.2,1008.0,76
2014-03-13,24.6,1009.3,76
2014-03-14,25.3,1009.8,71
2014-03-15,23.6,1008.8,78
2014-03-16,28.1,1007.5,57
2014-03-17,24.6,1007.9,79
2014-03-18,24.4,1009.6,77
2014-03-19,24.7,1009.0,70
2014-03-20,24.3,1009.0,75
2014-03-21,24.7,1009.9,70
2014-03-22,24.6,1011.5,79
2014-03-23,28.9,1009.9,56
2014-03-24,24.8,1008.9,75
2014-03-25,25.1,1009.8,75
2014-03-26,25.4,1012.1,74
2014-03-27,26.1,1012.8,62
2014-03-28,26.0,1011.2,67
2014-03-29,25.8,1009.8,64
2014-03-30,29.0,1007.7,50
2014-03-31,25.2,1009.8,74
2014-04-01,25.1,1010.3,76
2014-04-02,25.3,1010.4,68
2014-04-03,23.4,1010.9,78
2014-04-04,25.0,1010.4,68
2014-04-05,24.8,1010.5,76
2014-04-06,28.3,1009.9,61
2014-04-07,24.8,1010.7,80
2014-04-08,25.1,1011.0,81
2014-04-09,25.3,1010.7,80
2014-04-10,25.5,1012.0,81
2014-04-11,25.0,1011.1,71
2014-04-12,24.7,1010.1,70
2014-04-13,29.3,1008.2,45
2014-04-14,25.1,1007.8,74
2014-04-15,25.4,1007.5,75
2014-04-16,25.3,1008.9,75
2014-04-17,25.6,1010.3,66
2014-04-18,24.2,1010.7,81
2014-04-19,25.4,1010.5,77
2014-04-20,28.2,1010.8,65
2014-04-21,25.3,1007.6,80
2014-04-22,25.6,1006.7,80
2014-04-23,25.5,1008.1,81
2014-04-24,25.3,1010.0,80
2014-04-25,25.8,1009.0,78
2014-04-26,25.7,1009.1,76
2014-04-27,28.3,1008.5,66
2014-04-28,25.2,1008.0,75
2014-04-29,25.9,1009.0,74
2014-04-30,25.6,1009.5,73
2014-05-01,26.4,1008.6,70
2014-05-02,25.6,1009.5,76
2014-05-03,25.8,1010.8,78
2014-05-04,28.7,1009.6,64
2014-05-05,25.8,1007.5,77
2014-05-06,25.8,1008.3,74
2014-05-07,23.6,1010.6,86
2014-05-08,24.1,1011.2,79
2014-05-09,23.9,1010.9,74
2014-05-10,23.3,1009.9,80
2014-05-11,24.0,1007.7,77
2014-05-12,24.8,1010.0,79
2014-05-13,23.5,1009.2,88
2014-05-14,24.5,1009.7,83
2014-05-15,25.9,1009.8,76
2014-05-16,26.3,1007.8,74
2014-05-17,25.7,1006.9,78
2014-05-18,27.9,1007.9,64
2014-05-19,25.5,1008.9,81
2014-05-20,24.3,1010.1,85
2014-05-21,24.1,1010.8,85
2014-05-22,25.2,1010.9,77
2014-05-23,25.8,1011.6,75
2014-05-24,25.9,1011.0,79
2014-05-25,30.2,1009.7,54
2014-05-26,26.3,1011.6,72
2014-05-27,26.4,1010.8,71
2014-05-28,26.1,1010.9,75
2014-05-29,26.0,1009.6,75
2014-05-30,24.9,1010.1,83
2014-05-31,26.1,1009.2,75
2014-06-01,29.1,1008.7,62
2014-06-02,26.3,1007.9,78
2014-06-03,25.8,1007.3,76
2014-06-04,26.1,1007.3,73
2014-06-05,26.5,1008.5,75
2014-06-06,26.7,1008.3,75
2014-06-07,27.0,1008.6,73
2014-06-08,30.0,1009.2,55
2014-06-09,26.5,1010.2,78
2014-06-10,26.8,1011.2,77
2014-06-11,26.8,1010.2,76
2014-06-12,26.5,1010.2,70
2014-06-13,27.4,1010.3,72
2014-06-14,27.1,1010.7,76
2014-06-15,30.7,1010.0,61
2014-06-16,26.6,1011.1,76
2014-06-17,26.5,1011.4,79
2014-06-18,27.1,1011.8,70
2014-06-19,27.2,1011.4,72
2014-06-20,25.0,1010.8,85
2014-06-21,26.8,1009.9,82
2014-06-22,30.0,1010.0,63
2014-06-23,27.0,1012.1,79
2014-06-24,27.1,1012.9,73
2014-06-25,27.1,1011.3,74
2014-06-26,27.2,1010.6,78
2014-06-27,27.4,1012.0,79
2014-06-28,27.6,1012.6,75
2014-06-29,32.2,1011.4,46
2014-06-30,26.7,1009.8,77
2014-07-01,26.1,1010.9,84
2014-07-02,26.7,1011.5,77
2014-07-03,26.8,1012.7,71
2014-07-04,27.1,1012.5,76
2014-07-05,27.6,1011.1,65
2014-07-06,29.4,1010.7,64
2014-07-07,26.6,1013.5,77
2014-07-08,27.5,1013.2,67
2014-07-09,27.4,1011.8,69
2014-07-10,27.4,1011.3,68
2014-07-11,24.7,1012.6,87
2014-07-12,27.5,1011.5,75
2014-07-13,30.1,1010.8,59
2014-07-14,26.7,1010.9,77
2014-07-15,26.6,1010.2,72
2014-07-16,26.7,1011.3,78
2014-07-17,26.8,1011.8,79
2014-07-18,26.7,1012.0,79
2014-07-19,26.7,1011.7,80
2014-07-20,30.4,1011.2,61
2014-07-21,26.9,1010.8,78
2014-07-22,26.8,1011.0,73
2014-07-23,27.6,1010.9,78
2014-07-24,27.7,1010.7,70
2014-07-25,27.0,1011.0,75
2014-07-26,28.3,1010.9,74
2014-07-27,31.4,1011.7,58
2014-07-28,26.8,1011.1,80
2014-07-29,26.7,1010.5,75
2014-07-30,26.4,1010.2,78
2014-07-31,27.2,1008.7,72
2014-08-01,26.8,1009.0,79
2014-08-02,26.8,1007.5,73
2014-08-03,30.4,1011.4,60
2014-08-04,27.9,1011.1,70
2014-08-05,27.2,1010.6,76
2014-08-06,25.9,1010.3,83
2014-08-07,27.0,1010.4,79
2014-08-08,27.0,1011.4,71
2014-08-09,25.2,1011.0,86
2014-08-10,30.9,1009.7,51
2014-08-11,26.4,1010.5,78
2014-08-12,26.8,1010.4,80
2014-08-13,27.3,1010.6,81
2014-08-14,28.2,1010.3,71
2014-08-15,27.5,1010.7,79
2014-08-16,26.3,1011.2,79
2014-08-17,30.6,1010.2,65
2014-08-18,27.7,1009.5,81
2014-08-19,27.2,1010.2,76
2014-08-20,25.7,1011.4,82
2014-08-21,27.7,1009.2,72
2014-08-22,24.2,1003.5,92
2014-08-23,24.1,1005.0,95
2014-08-24,26.8,1004.7,83
2014-08-25,25.2,1005.2,89
2014-08-26,26.5,1008.4,85
2014-08-27,26.8,1010.0,90
2014-08-28,24.8,1009.5,89
2014-08-29,24.5,1011.1,94
2014-08-30,25.3,1010.8,87
2014-08-31,29.7,1010.0,65
2014-09-01,26.5,1009.6,81
2014-09-02,26.8,1009.0,80
2014-09-03,26.8,1009.6,82
2014-09-04,26.3,1010.1,81
2014-09-05,24.4,1009.7,90
2014-09-06,24.6,1009.3,87
2014-09-07,26.1,1008.3,78
2014-09-08,25.3,1010.8,87
2014-09-09,26.6,1009.3,83
2014-09-10,26.0,1008.2,84
2014-09-11,26.1,1008.0,81
2014-09-12,24.6,1008.9,87
2014-09-13,26.8,1009.5,75
2014-09-14,29.9,1009.4,66
2014-09-15,25.6,1011.1,85
2014-09-16,24.9,1008.5,86
2014-09-17,26.5,1007.4,82
2014-09-18,27.1,1007.9,80
2014-09-19,25.7,1008.6,86
2014-09-20,25.7,1009.1,83
2014-09-21,27.7,1009.2,79
2014-09-22,26.2,1007.6,81
2014-09-23,24.7,1007.8,90
2014-09-24,25.9,1009.0,86
2014-09-25,24.9,1006.5,86
2014-09-26,24.1,1005.8,90
2014-09-27,25.1,1006.8,87
2014-09-28,27.6,1006.6,80
2014-09-29,25.5,1007.9,83
2014-09-30,25.6,1008.9,81
2014-10-01,26.2,1009.6,88
2014-10-02,26.5,1010.3,87
2014-10-03,25.9,1008.8,91
2014-10-04,25.7,1007.0,88
2014-10-05,30.0,1006.7,58
2014-10-06,26.4,1009.0,75
2014-10-07,26.5,1008.0,71
2014-10-08,26.3,1005.8,77
2014-10-09,26.1,1004.8,81
2014-10-10,24.9,1005.3,87
2014-10-11,25.9,1007.7,87
2014-10-12,30.1,1007.2,63
2014-10-13,26.0,1007.9,80
2014-10-14,25.1,1007.3,81
2014-10-15,26.0,1007.1,83
2014-10-16,26.4,1007.0,86
2014-10-17,25.3,1007.5,85
2014-10-18,25.5,1007.8,85
2014-10-19,30.3,1006.2,58
2014-10-20,24.9,1008.5,84
2014-10-21,26.3,1007.0,83
2014-10-22,26.4,1007.2,80
2014-10-23,26.1,1006.6,83
2014-10-24,26.2,1005.6,86
2014-10-25,25.9,1005.0,86
2014-10-26,30.1,1002.9,65
2014-10-27,25.1,1008.7,84
2014-10-28,25.2,1008.6,85
2014-10-29,26.5,1006.3,77
2014-10-30,25.9,1004.4,79
2014-10-31,26.6,1005.6,80
2014-11-01,26.2,1008.6,85
2014-11-02,30.2,1008.3,64
2014-11-03,23.5,1009.5,87
2014-11-04,22.1,1006.3,85
2014-11-05,24.3,1007.6,80
2014-11-06,24.0,1008.0,86
2014-11-07,24.8,1006.4,84
2014-11-08,24.5,1006.0,87
2014-11-09,27.7,1005.9,81
2014-11-10,25.3,1007.2,88
2014-11-11,25.0,1006.4,89
2014-11-12,25.6,1006.7,83
2014-11-13,25.1,1006.5,86
2014-11-14,25.6,1008.2,76
2014-11-15,25.0,1010.6,82
2014-11-16,28.7,1009.9,68
2014-11-17,25.4,1010.0,83
2014-11-18,25.3,1010.2,79
2014-11-19,25.1,1009.6,79
2014-11-20,25.4,1009.7,80
2014-11-21,24.8,1010.5,79
2014-11-22,23.1,1010.0,92
2014-11-23,28.4,1008.5,65
2014-11-24,25.1,1010.8,80
2014-11-25,24.6,1010.7,84
2014-11-26,24.6,1010.3,81
2014-11-27,23.7,1008.6,85
2014-11-28,24.0,1008.3,85
2014-11-29,24.5,1009.9,76
2014-11-30,28.2,1009.6,62
2014-12-01,23.2,1010.4,86
2014-12-02,23.7,1007.8,82
2014-12-03,23.6,1007.0,86
2014-12-04,22.8,1008.6,90
2014-12-05,24.0,1008.5,77
2014-12-06,23.6,1007.2,79
2014-12-07,28.3,1005.6,53
2014-12-08,23.0,1008.1,76
2014-12-09,23.5,1007.3,75
2014-12-10,23.1,1008.8,84
2014-12-11,24.0,1011.6,77
2014-12-12,24.5,1010.1,76
2014-12-13,24.6,1006.7,79
2014-12-14,27.1,1004.7,68
2014-12-15,23.1,1009.5,84
2014-12-16,22.6,1012.0,91
2014-12-17,23.7,1011.8,73
2014-12-18,23.0,1010.6,71
2014-12-19,22.9,1009.9,81
2014-12-20,24.2,1010.9,75
2014-12-21,27.9,1010.2,59
2014-12-22,24.4,1009.7,71
2014-12-23,24.7,1010.0,77
2014-12-24,25.2,1011.3,67
2014-12-25,24.0,1012.3,75
2014-12-26,24.0,1011.6,78
2014-12-27,23.7,1013.0,78
2014-12-28,26.3,1010.1,63
2014-12-29,24.4,1012.2,73
2014-12-30,24.2,1013.0,84
2014-12-31,24.5,1012.8,82
2015-01-01,24.6,1013.9,73
2015-01-02,24.6,1015.3,75
2015-01-03,24.2,1015.6,75
2015-01-04,29.3,1013.7,50
2015-01-05,24.4,1015.5,69
2015-01-06,23.4,1014.0,79
2015-01-07,24.3,1011.3,71
2015-01-08,23.5,1012.3,77
2015-01-09,23.6,1013.4,76
2015-01-10,24.0,1013.9,78
2015-01-11,28.3,1011.9,59
2015-01-12,23.8,1012.7,79
2015-01-13,24.8,1011.3,70
2015-01-14,24.1,1010.1,84
2015-01-15,24.2,1010.2,85
2015-01-16,24.8,1009.5,84
2015-01-17,24.6,1010.6,75
2015-01-18,28.2,1009.2,59
2015-01-19,24.5,1010.0,71
2015-01-20,24.4,1009.6,71
2015-01-21,24.6,1009.8,73
2015-01-22,24.4,1011.8,72
2015-01-23,25.0,1009.9,72
2015-01-24,24.3,1010.0,81
2015-01-25,28.2,1008.5,63
2015-01-26,24.2,1009.3,78
2015-01-27,23.9,1009.7,87
2015-01-28,24.1,1009.4,79
2015-01-29,22.1,1010.6,82
2015-01-30,22.7,1010.0,83
2015-01-31,21.7,1011.0,92
2015-02-01,25.3,1011.6,71
2015-02-02,24.5,1012.1,75
2015-02-03,24.3,1011.8,85
2015-02-04,24.4,1009.8,75
2015-02-05,24.2,1009.4,80
2015-02-06,24.6,1008.7,77
2015-02-07,22.4,1009.7,90
2015-02-08,27.6,1008.9,59
2015-02-09,23.6,1006.5,86
2015-02-10,24.0,1003.6,82
2015-02-11,24.2,1006.8,76
2015-02-12,24.6,1009.6,64
2015-02-13,24.0,1010.6,84
2015-02-14,24.0,1011.0,80
2015-02-15,28.4,1009.8,53
2015-02-16,23.6,1012.3,64
2015-02-17,25.0,1011.6,76
2015-02-18,24.8,1010.2,80
2015-02-19,25.7,1009.2,72
2015-02-20,22.0,1011.9,93
2015-02-21,22.9,1013.3,84
2015-02-22,28.0,1011.3,61
2015-02-23,24.8,1010.7,70
2015-02-24,24.8,1010.3,75
2015-02-25,24.4,1010.5,79
2015-02-26,24.3,1011.2,78
2015-02-27,24.8,1011.4,70
2015-02-28,24.2,1013.5,77
2015-03-01,29.5,1012.6,45
2015-03-02,23.4,1011.9,75
2015-03-03,23.7,1011.5,72
2015-03-04,24.1,1012.5,65
2015-03-05,24.9,1012.4,66
2015-03-06,24.9,1012.1,69
2015-03-07,24.3,1012.3,72
2015-03-08,27.6,1011.2,50
2015-03-09,25.0,1011.4,68
2015-03-10,24.7,1012.3,69
2015-03-11,24.5,1013.0,68
2015-03-12,24.6,1012.0,67
2015-03-13,24.6,1011.2,69
2015-03-14,23.2,1011.5,82
2015-03-15,28.5,1010.5,51
2015-03-16,24.5,1009.6,69
2015-03-17,24.5,1009.8,73
2015-03-18,24.6,1009.4,74
2015-03-19,24.9,1010.0,75
2015-03-20,24.9,1010.5,73
2015-03-21,24.9,1010.3,72
2015-03-22,29.7,1008.9,40
2015-03-23,24.9,1010.6,76
2015-03-24,25.1,1011.5,77
2015-03-25,25.7,1011.8,71
2015-03-26,25.1,1010.8,74
2015-03-27,24.9,1011.4,75
2015-03-28,24.9,1012.2,74
2015-03-29,28.8,1011.2,55
2015-03-30,25.1,1010.4,70
2015-03-31,23.6,1010.9,74
2015-04-01,25.1,1010.6,71
2015-04-02,23.9,1011.7,78
2015-04-03,24.8,1010.2,66
2015-04-04,24.1,1009.1,73
2015-04-05,29.4,1007.7,43
2015-04-06,23.7,1010.6,80
2015-04-07,24.3,1010.6,76
2015-04-08,24.4,1010.0,76
2015-04-09,25.6,1011.0,70
2015-04-10,24.8,1011.6,75
2015-04-11,25.9,1010.7,70
2015-04-12,28.9,1010.3,54
2015-04-13,25.5,1012.1,72
2015-04-14,25.6,1011.5,68
2015-04-15,25.6,1011.0,72
2015-04-16,26.1,1010.5,63
2015-04-17,26.0,1009.7,68
2015-04-18,25.0,1009.3,79
2015-04-19,29.2,1009.1,60
2015-04-20,25.7,1009.0,82
2015-04-21,25.5,1009.2,76
2015-04-22,25.3,1008.8,72
2015-04-23,25.2,1008.3,75
2015-04-24,25.5,1007.9,80
2015-04-25,25.6,1007.4,75
2015-04-26,30.3,1006.8,55
2015-04-27,26.5,1006.7,77
2015-04-28,26.3,1006.0,78
2015-04-29,26.3,1006.5,78
2015-04-30,26.2,1007.3,76
2015-05-01,26.0,1007.1,73
2015-05-02,25.5,1006.9,82
2015-05-03,30.1,1008.2,48
2015-05-04,26.1,1010.8,78
2015-05-05,26.3,1010.8,76
2015-05-06,25.6,1010.5,74
2015-05-07,26.1,1011.1,74
2015-05-08,25.8,1011.5,75
2015-05-09,26.3,1011.0,68
2015-05-10,29.4,1011.1,55
2015-05-11,26.0,1012.1,74
2015-05-12,26.5,1011.5,73
2015-05-13,26.2,1010.8,70
2015-05-14,26.8,1011.1,68
2015-05-15,26.6,1010.8,66
2015-05-16,26.5,1011.9,71
2015-05-17,29.4,1011.3,58
2015-05-18,26.3,1010.8,69
2015-05-19,25.5,1009.8,77
2015-05-20,26.5,1009.1,76
2015-05-21,26.8,1010.4,76
2015-05-22,26.2,1013.2,79
2015-05-23,26.6,1012.7,73
2015-05-24,30.9,1011.1,49
2015-05-25,26.4,1011.7,68
2015-05-26,25.6,1010.1,71
2015-05-27,25.5,1008.6,71
2015-05-28,25.8,1008.8,73
2015-05-29,25.4,1009.1,82
2015-05-30,26.4,1008.5,79
2015-05-31,26.7,1010.4,80
2015-06-01,25.6,1010.4,82
2015-06-02,26.6,1008.1,75
2015-06-03,26.5,1008.2,77
2015-06-04,26.5,1009.3,77
2015-06-05,26.7,1008.1,74
2015-06-06,26.5,1008.1,76
2015-06-07,30.3,1009.0,59
2015-06-08,26.5,1010.4,77
2015-06-09,26.9,1009.6,78
2015-06-10,26.8,1009.6,80
2015-06-11,25.5,1011.6,80
2015-06-12,27.3,1011.7,73
2015-06-13,26.5,1011.0,77
2015-06-14,30.8,1010.2,58
2015-06-15,26.9,1011.2,76
2015-06-16,27.8,1010.9,71
2015-06-17,26.4,1011.4,79
2015-06-18,27.0,1011.5,80
2015-06-19,27.1,1011.7,76
2015-06-20,26.4,1011.9,78
2015-06-21,28.6,1012.3,65
2015-06-22,25.1,1012.2,81
2015-06-23,25.4,1013.3,82
2015-06-24,26.5,1013.9,73
2015-06-25,26.9,1012.9,72
2015-06-26,26.6,1013.4,77
2015-06-27,26.8,1012.8,81
2015-06-28,30.4,1012.4,61
2015-06-29,27.5,1012.8,73
2015-06-30,26.7,1013.0,71
2015-07-01,27.0,1011.8,74
2015-07-02,26.9,1011.4,78
2015-07-03,27.3,1010.5,73
2015-07-04,27.9,1011.4,71
2015-07-05,32.7,1012.2,46
2015-07-06,26.8,1011.7,73
2015-07-07,27.2,1011.9,77
2015-07-08,27.8,1010.9,70
2015-07-09,27.8,1010.4,69
2015-07-10,26.5,1010.9,74
2015-07-11,26.5,1011.3,75
2015-07-12,27.0,1011.5,69
2015-07-13,26.4,1010.7,77
2015-07-14,27.1,1011.2,77
2015-07-15,26.8,1011.1,74
2015-07-16,26.5,1010.6,77
2015-07-17,26.6,1010.9,78
2015-07-18,27.5,1010.5,70
2015-07-19,29.9,1010.7,55
2015-07-20,27.0,1010.4,72
2015-07-21,27.2,1009.5,76
2015-07-22,27.2,1010.6,74
2015-07-23,27.5,1012.1,79
2015-07-24,26.9,1011.5,80
2015-07-25,27.0,1010.0,75
2015-07-26,30.6,1010.0,60
2015-07-27,27.9,1010.5,69
2015-07-28,27.5,1010.2,77
2015-07-29,28.0,1010.0,71
2015-07-30,27.9,1010.0,70
2015-07-31,28.4,1010.1,67
2015-08-01,27.5,1009.5,65
2015-08-02,32.0,1008.0,46
2015-08-03,27.4,1009.9,79
2015-08-04,28.1,1010.8,72
2015-08-05,27.7,1009.6,71
2015-08-06,27.7,1008.1,72
2015-08-07,26.7,1007.2,78
2015-08-08,27.4,1008.2,77
2015-08-09,31.2,1008.3,52
2015-08-10,27.0,1009.0,71
2015-08-11,27.8,1010.4,70
2015-08-12,27.5,1009.4,75
2015-08-13,27.7,1008.8,73
2015-08-14,27.2,1009.1,73
2015-08-15,28.1,1008.9,71
2015-08-16,28.2,1009.7,73
2015-08-17,26.9,1010.0,72
2015-08-18,27.1,1009.7,75
2015-08-19,27.6,1009.2,74
2015-08-20,27.5,1007.9,76
2015-08-21,27.4,1007.7,81
2015-08-22,27.6,1007.2,77
2015-08-23,31.4,1006.9,53
2015-08-24,28.2,1006.6,75
2015-08-25,27.3,1007.2,76
2015-08-26,27.9,1008.1,79
2015-08-27,28.2,1006.6,71
2015-08-28,24.7,1007.2,90
2015-08-29,24.7,1009.9,89
2015-08-30,27.4,1010.5,80
2015-08-31,27.7,1010.1,80
2015-09-01,27.0,1009.9,82
2015-09-02,26.4,1009.3,85
2015-09-03,26.6,1007.7,86
2015-09-04,26.8,1008.5,83
2015-09-05,27.2,1008.0,80
2015-09-06,30.0,1008.0,66
2015-09-07,27.0,1008.8,82
2015-09-08,27.2,1008.5,76
2015-09-09,27.7,1007.2,76
2015-09-10,27.9,1008.1,78
2015-09-11,28.1,1009.0,73
2015-09-12,24.7,1009.4,87
2015-09-13,27.6,1008.7,78
2015-09-14,26.9,1009.7,78
2015-09-15,26.5,1009.0,78
2015-09-16,25.1,1008.2,92
2015-09-17,26.1,1005.8,87
2015-09-18,26.6,1006.1,84
2015-09-19,27.0,1006.6,80
2015-09-20,30.9,1005.5,58
2015-09-21,26.6,1005.8,83
2015-09-22,26.9,1005.9,81
2015-09-23,26.5,1005.6,81
2015-09-24,26.3,1006.4,86
2015-09-25,26.8,1006.7,85
2015-09-26,27.0,1006.8,86
2015-09-27,29.7,1006.6,71
2015-09-28,26.6,1005.1,81
2015-09-29,26.9,1003.4,79
2015-09-30,26.8,1001.6,80
2015-10-01,26.6,999.6,77
2015-10-02,27.0,1000.8,75
2015-10-03,26.9,1003.1,84
2015-10-04,31.2,1004.4,62
2015-10-05,27.2,1008.8,84
2015-10-06,27.2,1008.6,78
2015-10-07,27.9,1008.5,76
2015-10-08,27.6,1008.7,74
2015-10-09,25.7,1008.8,86
2015-10-10,26.8,1007.9,81
2015-10-11,30.6,1006.7,61
2015-10-12,27.2,1008.1,81
2015-10-13,27.4,1008.7,79
2015-10-14,26.7,1008.5,83
2015-10-15,27.2,1007.9,82
2015-10-16,26.7,1007.2,81
2015-10-17,26.7,1008.3,82
2015-10-18,30.7,1006.5,61
2015-10-19,26.8,1007.9,79
2015-10-20,26.6,1007.4,83
2015-10-21,26.6,1007.9,80
2015-10-22,26.3,1007.3,76
2015-10-23,25.9,1006.2,77
2015-10-24,23.8,1006.8,89
2015-10-25,29.4,1006.1,56
2015-10-26,24.6,1008.8,85
2015-10-27,23.8,1009.0,92
2015-10-28,26.8,1008.8,77
2015-10-29,25.7,1008.8,86
2015-10-30,26.3,1008.0,81
2015-10-31,26.5,1008.0,79
2015-11-01,24.4,1008.0,86
2015-11-02,25.3,1007.8,85
2015-11-03,24.2,1008.8,92
2015-11-04,25.5,1008.7,83
2015-11-05,25.0,1009.2,84
2015-11-06,24.8,1009.9,84
2015-11-07,23.7,1008.8,90
2015-11-08,27.6,1008.0,78
2015-11-09,25.5,1010.2,88
2015-11-10,24.8,1009.7,87
2015-11-11,25.1,1008.7,87
2015-11-12,25.3,1007.1,86
2015-11-13,25.2,1007.6,82
2015-11-14,25.3,1009.2,81
2015-11-15,29.6,1008.7,55
2015-11-16,24.8,1008.0,79
2015-11-17,25.1,1007.7,82
2015-11-18,24.9,1007.9,85
2015-11-19,24.1,1007.9,85
2015-11-20,23.9,1007.3,66
2015-11-21,24.0,1007.6,67
2015-11-22,27.7,1006.7,63
2015-11-23,25.6,1006.8,72
2015-11-24,24.5,1007.2,80
2015-11-25,25.0,1008.6,76
2015-11-26,23.7,1008.9,81
2015-11-27,24.2,1006.9,85
2015-11-28,23.8,1007.2,85
2015-11-29,26.1,1005.9,71
2015-11-30,23.9,1007.3,89
2015-12-01,24.6,1008.9,89
2015-12-02,25.5,1010.4,87
2015-12-03,25.1,1012.0,87
2015-12-04,24.7,1012.3,88
2015-12-05,24.5,1012.4,84
2015-12-06,28.2,1010.0,61
2015-12-07,24.0,1009.3,86
2015-12-08,24.3,1009.3,86
2015-12-09,25.0,1009.7,84
2015-12-10,24.6,1009.6,79
2015-12-11,24.6,1010.0,83
2015-12-12,24.5,1009.8,85
2015-12-13,28.2,1008.4,57
2015-12-14,24.2,1007.6,85
2015-12-15,24.7,1007.0,82
2015-12-16,23.7,1007.7,88
2015-12-17,23.7,1009.7,86
2015-12-18,24.0,1011.0,84
2015-12-19,24.0,1012.2,81
2015-12-20,27.0,1011.6,70
2015-12-21,24.0,1012.3,83
2015-12-22,23.8,1011.6,83
2015-12-23,24.4,1011.9,81
2015-12-24,24.9,1013.8,78
2015-12-25,24.6,1013.8,76
2015-12-26,24.1,1012.3,82
2015-12-27,28.3,1008.6,57
2015-12-28,24.3,1011.0,79
2015-12-29,24.5,1014.0,82
2015-12-30,24.3,1014.0,78
2015-12-31,23.9,1012.3,78
2016-01-01,24.3,1011.2,76
2016-01-02,24.1,1010.8,79
2016-01-03,27.6,1009.4,56
2016-01-04,23.5,1009.6,84
2016-01-05,23.8,1010.4,84
2016-01-06,24.2,1010.0,83
2016-01-07,23.8,1008.9,90
2016-01-08,24.5,1008.7,83
2016-01-09,24.6,1008.4,74
2016-01-10,29.1,1008.0,43
2016-01-11,24.1,1010.2,76
2016-01-12,24.4,1010.0,75
2016-01-13,24.2,1010.5,75
2016-01-14,24.7,1010.5,73
2016-01-15,24.1,1008.4,74
2016-01-16,24.2,1008.2,75
2016-01-17,28.1,1008.1,57
2016-01-18,25.1,1010.8,70
2016-01-19,24.8,1010.9,65
2016-01-20,25.1,1010.8,70
2016-01-21,24.1,1010.8,80
2016-01-22,24.2,1009.3,80
2016-01-23,24.4,1008.4,78
2016-01-24,28.5,1008.4,57
2016-01-25,23.5,1014.5,78
2016-01-26,23.6,1013.6,79
2016-01-27,24.1,1010.9,78
2016-01-28,23.9,1010.6,80
2016-01-29,24.5,1010.6,75
2016-01-30,24.3,1012.2,75
2016-01-31,27.8,1010.7,56
2016-02-01,24.6,1010.1,76
2016-02-02,24.2,1010.4,76
2016-02-03,24.5,1010.2,69
2016-02-04,23.1,1008.8,62
2016-02-05,24.8,1009.7,64
2016-02-06,24.0,1010.6,80
2016-02-07,27.4,1009.3,67
2016-02-08,24.6,1009.7,82
2016-02-09,24.8,1012.1,80
2016-02-10,25.6,1012.6,73
2016-02-11,23.1,1012.9,83
2016-02-12,24.9,1011.5,73
2016-02-13,25.0,1010.1,70
2016-02-14,26.9,1008.2,54
2016-02-15,23.1,1008.1,85
2016-02-16,24.8,1008.8,78
2016-02-17,24.8,1010.2,85
2016-02-18,25.0,1009.9,81
2016-02-19,23.1,1010.9,79
2016-02-20,22.8,1010.7,69
2016-02-21,27.3,1008.0,52
2016-02-22,24.2,1008.1,72
2016-02-23,24.6,1008.7,76
2016-02-24,24.6,1010.6,78
2016-02-25,24.8,1010.1,78
2016-02-26,24.7,1010.2,78
2016-02-27,24.3,1009.7,77
2016-02-28,28.9,1009.4,50
2016-02-29,25.6,1010.7,73
2016-03-01,25.1,1010.5,73
2016-03-02,25.8,1010.5,72
2016-03-03,25.4,1009.2,71
2016-03-04,25.2,1009.6,79
2016-03-05,24.5,1009.2,81
2016-03-06,28.8,1007.6,58
2016-03-07,23.8,1011.5,73
2016-03-08,22.7,1013.3,62
2016-03-09,23.0,1014.5,58
2016-03-10,22.8,1014.3,67
2016-03-11,24.4,1013.4,63
2016-03-12,24.8,1012.6,66
2016-03-13,28.7,1010.3,55
2016-03-14,25.4,1010.3,74
2016-03-15,23.1,1010.3,92
2016-03-16,24.5,1009.6,85
2016-03-17,25.6,1009.4,73
2016-03-18,24.5,1009.5,75
2016-03-19,25.0,1008.8,76
2016-03-20,27.7,1009.2,62
2016-03-21,25.2,1010.8,79
2016-03-22,25.5,1012.4,80
2016-03-23,26.0,1012.3,70
2016-03-24,25.4,1011.1,69
2016-03-25,25.5,1012.2,75
2016-03-26,26.2,1012.7,71
2016-03-27,29.3,1012.6,54
2016-03-28,25.5,1012.2,71
2016-03-29,24.8,1010.0,72
2016-03-30,25.1,1010.5,72
2016-03-31,25.0,1010.6,76
2016-04-01,23.2,1009.9,88
2016-04-02,25.2,1009.3,83
2016-04-03,29.5,1008.9,57
2016-04-04,25.2,1009.6,79
2016-04-05,25.5,1008.4,77
2016-04-06,23.1,1008.9,93
2016-04-07,25.3,1008.1,75
2016-04-08,25.6,1008.3,72
2016-04-09,25.4,1008.5,77
2016-04-10,28.7,1009.4,64
2016-04-11,25.9,1008.6,72
2016-04-12,25.8,1008.1,73
2016-04-13,26.3,1007.1,65
2016-04-14,26.6,1006.9,64
2016-04-15,26.1,1007.1,69
2016-04-16,26.4,1006.2,68
2016-04-17,30.4,1006.9,54
2016-04-18,23.9,1009.2,82
2016-04-19,25.7,1009.0,60
2016-04-20,25.8,1008.6,63
2016-04-21,26.0,1010.0,56
2016-04-22,25.4,1010.1,78
2016-04-23,26.3,1007.3,82
2016-04-24,29.8,1005.6,61
2016-04-25,24.5,1006.5,86
2016-04-26,22.3,1006.2,94
2016-04-27,24.3,1006.6,91
2016-04-28,25.5,1007.4,84
2016-04-29,24.3,1007.1,91
2016-04-30,24.5,1007.0,88
2016-05-01,28.5,1007.5,67
2016-05-02,24.7,1010.3,81
2016-05-03,24.0,1009.9,88
2016-05-04,25.2,1007.5,83
2016-05-05,26.0,1006.2,82
2016-05-06,25.5,1006.2,87
2016-05-07,23.7,1007.1,94
2016-05-08,27.7,1008.8,66
2016-05-09,24.2,1010.0,85
2016-05-10,24.6,1012.0,84
2016-05-11,25.2,1011.5,78
2016-05-12,25.6,1010.6,80
2016-05-13,25.0,1009.8,87
2016-05-14,26.2,1010.0,82
2016-05-15,28.8,1010.4,72
2016-05-16,26.3,1011.5,83
2016-05-17,26.4,1011.1,83
2016-05-18,26.1,1010.7,83
2016-05-19,25.8,1010.3,83
2016-05-20,26.3,1011.1,80
2016-05-21,26.2,1010.0,82
2016-05-22,29.5,1008.6,63
2016-05-23,26.5,1011.1,84
2016-05-24,26.2,1012.4,85
2016-05-25,25.7,1011.1,83
2016-05-26,24.4,1008.8,89
2016-05-27,26.0,1008.1,76
2016-05-28,26.4,1009.7,83
2016-05-29,28.6,1010.0,70
2016-05-30,24.5,1008.2,88
2016-05-31,23.4,1008.2,93
2016-06-01,25.3,1010.0,87
2016-06-02,23.9,1011.0,95
2016-06-03,25.4,1010.4,93
2016-06-04,26.3,1009.7,86
2016-06-05,28.8,1008.9,73
2016-06-06,26.3,1009.8,82
2016-06-07,26.4,1010.5,83
2016-06-08,25.6,1011.3,87
2016-06-09,26.4,1011.6,85
2016-06-10,26.3,1012.5,81
2016-06-11,26.6,1012.9,84
2016-06-12,29.3,1011.5,64
2016-06-13,26.6,1011.5,84
2016-06-14,26.5,1013.0,84
2016-06-15,26.3,1014.4,86
2016-06-16,26.6,1011.7,77
2016-06-17,26.7,1010.7,80
2016-06-18,26.6,1011.1,81
2016-06-19,30.8,1010.4,53
2016-06-20,23.8,1011.3,93
2016-06-21,25.8,1011.3,83
2016-06-22,24.7,1012.1,89
2016-06-23,25.9,1012.0,78
2016-06-24,24.7,1012.2,86
2016-06-25,26.3,1011.5,82
2016-06-26,29.6,1010.4,65
2016-06-27,24.8,1010.7,88
2016-06-28,26.2,1010.5,82
2016-06-29,26.5,1011.0,81
2016-06-30,26.4,1011.3,78
2016-07-01,26.6,1011.8,80
2016-07-02,25.5,1012.4,87
2016-07-03,29.9,1013.0,62
2016-07-04,26.6,1012.8,79
2016-07-05,24.4,1012.9,91
2016-07-06,27.8,1012.3,78
2016-07-07,27.0,1012.0,82
2016-07-08,27.4,1011.4,75
2016-07-09,26.5,1011.5,78
2016-07-10,30.4,1012.4,60
2016-07-11,27.2,1011.6,82
2016-07-12,26.6,1010.6,78
2016-07-13,26.2,1010.2,77
2016-07-14,24.8,1010.5,88
2016-07-15,26.5,1009.4,73
2016-07-16,27.5,1010.7,73
2016-07-17,29.4,1010.8,68
2016-07-18,25.6,1009.3,78
2016-07-19,26.8,1010.3,79
2016-07-20,27.0,1011.2,76
2016-07-21,26.1,1010.8,84
2016-07-22,27.1,1009.8,81
2016-07-23,27.5,1009.4,66
2016-07-24,29.9,1009.6,59
2016-07-25,26.1,1010.2,80
2016-07-26,24.9,1009.5,87
2016-07-27,27.3,1010.0,85
2016-07-28,26.8,1009.9,81
2016-07-29,26.4,1009.8,78
2016-07-30,27.2,1010.0,70
2016-07-31,27.5,1008.1,78
2016-08-01,24.4,1010.9,94
2016-08-02,25.9,1010.3,85
2016-08-03,26.4,1009.9,81
2016-08-04,27.4,1011.1,77
2016-08-05,23.9,1010.9,92
2016-08-06,24.5,1009.5,92
2016-08-07,30.1,1009.0,69
2016-08-08,27.5,1009.8,86
2016-08-09,26.8,1010.5,83
2016-08-10,25.8,1011.3,82
2016-08-11,25.8,1009.7,79
2016-08-12,27.0,1009.0,74
2016-08-13,26.3,1008.8,83
2016-08-14,29.7,1009.1,65
2016-08-15,27.0,1010.7,75
2016-08-16,26.0,1011.0,79
2016-08-17,26.7,1010.2,79
2016-08-18,27.4,1010.1,84
2016-08-19,27.8,1009.2,80
2016-08-20,28.1,1009.0,77
2016-08-21,32.1,1008.6,54
2016-08-22,27.2,1009.6,77
2016-08-23,27.4,1008.4,71
2016-08-24,24.9,1005.3,91
2016-08-25,25.5,1007.0,90
2016-08-26,24.9,1007.9,93
2016-08-27,24.9,1008.8,89
2016-08-28,29.1,1007.4,71
2016-08-29,26.3,1009.6,86
2016-08-30,26.8,1009.3,89
2016-08-31,27.2,1009.5,88
2016-09-01,27.5,1009.9,77
2016-09-02,26.7,1010.5,83
2016-09-03,27.5,1009.7,77
2016-09-04,31.2,1008.4,60
2016-09-05,27.4,1009.3,70
2016-09-06,23.7,1010.1,95
2016-09-07,26.6,1010.0,88
2016-09-08,26.2,1008.5,83
2016-09-09,26.7,1009.1,84
2016-09-10,26.2,1011.0,88
2016-09-11,29.6,1009.4,70
2016-09-12,25.7,1008.5,84
2016-09-13,25.5,1009.0,84
2016-09-14,26.4,1009.9,81
2016-09-15,26.5,1008.7,82
2016-09-16,26.1,1008.9,78
2016-09-17,25.4,1009.1,85
2016-09-18,31.1,1006.9,56
2016-09-19,26.2,1008.2,85
2016-09-20,25.4,1007.8,86
2016-09-21,25.9,1007.1,83
2016-09-22,25.0,1007.5,87
2016-09-23,26.9,1008.7,83
2016-09-24,27.1,1008.8,84
2016-09-25,30.7,1007.2,61
2016-09-26,26.6,1007.5,82
2016-09-27,27.3,1008.4,86
2016-09-28,27.5,1009.7,77
2016-09-29,27.4,1009.2,74
2016-09-30,25.3,1005.6,82
2016-10-01,24.9,1005.1,87
2016-10-02,26.9,1005.1,81
2016-10-03,24.8,1004.0,93
2016-10-04,24.3,1005.2,94
2016-10-05,26.4,1006.1,85
2016-10-06,26.6,1006.6,90
2016-10-07,25.7,1005.3,91
2016-10-08,27.0,1004.7,83
2016-10-09,29.9,1003.9,68
2016-10-10,26.9,1006.3,83
2016-10-11,25.4,1005.5,87
2016-10-12,26.0,1006.1,91
2016-10-13,26.6,1007.8,88
2016-10-14,25.8,1008.6,86
2016-10-15,25.5,1007.2,88
2016-10-16,30.0,1003.6,63
2016-10-17,25.7,1002.7,82
2016-10-18,25.3,1003.7,87
2016-10-19,25.1,1004.1,87
2016-10-20,23.8,1006.0,94
2016-10-21,26.0,1004.9,88
2016-10-22,25.5,1007.4,88
2016-10-23,27.2,1007.9,76
2016-10-24,25.1,1007.5,84
2016-10-25,25.1,1005.9,81
2016-10-26,25.1,1005.6,80
2016-10-27,26.0,1004.9,82
2016-10-28,25.9,1005.7,88
2016-10-29,25.7,1006.5,88
2016-10-30,26.5,1005.3,86
2016-10-31,24.9,1002.6,88
2016-11-01,24.0,1004.5,84
2016-11-02,24.9,1006.9,77
2016-11-03,24.6,1007.3,78
2016-11-04,24.5,1006.5,88
2016-11-05,23.4,1007.7,95
2016-11-06,26.9,1005.5,81
2016-11-07,23.5,1007.2,90
2016-11-08,23.4,1007.6,91
2016-11-09,24.9,1007.9,85
2016-11-10,25.7,1007.4,84
2016-11-11,24.7,1007.7,85
2016-11-12,25.3,1007.7,85
2016-11-13,26.7,1005.8,81
2016-11-14,24.7,1005.4,87
2016-11-15,24.4,1004.3,92
2016-11-16,24.9,1004.0,92
2016-11-17,24.8,1004.7,84
2016-11-18,23.4,1007.2,93
2016-11-19,23.3,1006.3,91
2016-11-20,25.2,1005.2,73
2016-11-21,23.6,1007.4,72
2016-11-22,24.0,1008.3,74
2016-11-23,23.6,1008.8,91
2016-11-24,23.8,1009.0,88
2016-11-25,23.8,1009.0,86
2016-11-26,23.9,1007.1,86
2016-11-27,25.0,1003.7,84
2016-11-28,22.5,1005.5,75
2016-11-29,23.9,1005.4,84
2016-11-30,24.9,1007.5,83
2016-12-01,24.5,1007.5,90
2016-12-02,23.7,1009.4,94
2016-12-03,24.8,1008.4,87
2016-12-04,27.4,1008.0,72
2016-12-05,24.1,1010.2,84
2016-12-06,24.4,1010.7,87
2016-12-07,24.6,1010.9,84
2016-12-08,23.8,1011.2,77
2016-12-09,24.8,1011.5,80
2016-12-10,24.3,1012.0,82
2016-12-11,27.4,1011.1,76
2016-12-12,24.5,1011.7,78
2016-12-13,24.8,1010.8,81
2016-12-14,24.1,1010.7,86
2016-12-15,24.4,1010.6,83
2016-12-16,24.7,1012.1,78
2016-12-17,24.2,1013.1,85
2016-12-18,27.3,1012.6,73
2016-12-19,23.3,1013.4,85
2016-12-20,22.3,1010.2,82
2016-12-21,22.4,1010.1,89
2016-12-22,23.7,1010.4,82
2016-12-23,23.4,1011.1,80
2016-12-24,23.3,1011.7,87
2016-12-25,27.2,1010.3,68
2016-12-26,23.5,1012.6,80
2016-12-27,23.0,1011.3,84
2016-12-28,23.3,1010.5,83
2016-12-29,23.5,1009.7,85
2016-12-30,24.5,1010.4,81
2016-12-31,23.8,1011.8,78
2017-01-01,26.6,1011.8,73
2017-01-02,24.2,1011.8,76
2017-01-03,22.6,1009.4,84
2017-01-04,24.1,1007.8,83
2017-01-05,23.6,1009.2,87
2017-01-06,23.4,1011.3,89
2017-01-07,24.2,1011.5,87
2017-01-08,27.0,1010.3,71
2017-01-09,22.2,1012.4,86
2017-01-10,22.7,1012.2,73
2017-01-11,22.5,1012.9,66
2017-01-12,21.6,1013.7,73
2017-01-13,22.7,1013.6,75
2017-01-14,22.7,1012.1,73
2017-01-15,27.9,1009.9,51
2017-01-16,22.9,1013.2,74
2017-01-17,22.5,1013.0,80
2017-01-18,22.1,1011.2,68
2017-01-19,22.4,1009.2,71
2017-01-20,22.5,1010.1,71
2017-01-21,22.7,1009.4,74
2017-01-22,26.2,1007.3,60
2017-01-23,24.9,1006.0,66
2017-01-24,24.6,1007.4,82
2017-01-25,24.3,1011.4,67
2017-01-26,23.4,1012.7,68
2017-01-27,22.3,1010.9,86
2017-01-28,24.3,1011.2,82
2017-01-29,27.1,1010.8,67
2017-01-30,24.3,1012.5,85
2017-01-31,24.1,1012.2,76
2017-02-01,23.9,1011.3,81
2017-02-02,24.8,1011.0,81
2017-02-03,24.6,1011.7,80
2017-02-04,25.2,1011.0,71
2017-02-05,26.4,1009.9,67
2017-02-06,24.7,1010.5,73
2017-02-07,24.8,1010.3,81
2017-02-08,24.3,1010.9,84
2017-02-09,24.5,1012.0,85
2017-02-10,24.9,1013.6,67
2017-02-11,24.3,1012.9,72
2017-02-12,26.1,1010.3,68
2017-02-13,22.7,1008.6,84
2017-02-14,23.5,1009.7,80
2017-02-15,24.2,1010.8,78
2017-02-16,23.8,1010.7,82
2017-02-17,25.1,1011.2,75
2017-02-18,23.7,1011.6,76
2017-02-19,26.5,1010.4,65
2017-02-20,23.2,1008.1,87
2017-02-21,24.5,1006.3,55
2017-02-22,24.3,1005.2,74
2017-02-23,24.3,1005.6,73
2017-02-24,24.8,1006.6,78
2017-02-25,23.8,1009.0,81
2017-02-26,27.5,1010.0,61
2017-02-27,25.2,1013.0,71
2017-02-28,24.4,1011.8,75
2017-03-01,23.9,1011.5,79
2017-03-02,25.2,1012.6,75
2017-03-03,24.9,1012.5,71
2017-03-04,24.9,1011.0,68
2017-03-05,26.7,1010.6,56
2017-03-06,23.3,1013.5,64
2017-03-07,22.8,1015.0,71
2017-03-08,23.8,1013.5,59
2017-03-09,24.0,1011.4,67
2017-03-10,24.3,1010.9,79
2017-03-11,24.5,1010.5,78
2017-03-12,27.2,1009.3,69
2017-03-13,24.3,1009.7,84
2017-03-14,24.3,1010.6,82
2017-03-15,24.9,1011.0,81
2017-03-16,24.9,1011.2,84
2017-03-17,25.1,1011.6,74
2017-03-18,25.6,1011.6,63
2017-03-19,27.6,1009.5,59
2017-03-20,23.4,1009.8,83
2017-03-21,24.8,1010.1,73
2017-03-22,25.0,1008.5,82
2017-03-23,23.9,1009.2,80
2017-03-24,22.8,1009.3,82
2017-03-25,25.3,1006.5,79
2017-03-26,27.3,1005.2,69
2017-03-27,25.2,1006.0,82
2017-03-28,25.7,1007.6,69
2017-03-29,25.9,1008.1,64
2017-03-30,25.8,1008.8,58
2017-03-31,25.5,1010.2,78
2017-04-01,25.5,1011.0,85
2017-04-02,29.7,1009.1,52
2017-04-03,26.2,1009.7,79
2017-04-04,26.1,1010.7,77
2017-04-05,25.8,1011.3,80
2017-04-06,25.2,1010.6,77
2017-04-07,25.8,1008.8,72
2017-04-08,26.3,1007.6,73
2017-04-09,28.2,1007.1,58
2017-04-10,24.4,1008.5,69
2017-04-11,25.6,1008.1,63
2017-04-12,25.3,1008.0,60
2017-04-13,26.3,1007.7,53
2017-04-14,26.0,1008.4,74
2017-04-15,26.1,1009.8,63
2017-04-16,27.2,1009.2,63
2017-04-17,24.0,1009.1,89
2017-04-18,23.7,1010.4,86
2017-04-19,25.4,1010.5,63
2017-04-20,24.0,1008.6,84
2017-04-21,24.5,1008.3,76
2017-04-22,23.6,1008.5,93
2017-04-23,25.3,1006.4,85
2017-04-24,24.0,1006.5,93
2017-04-25,25.7,1006.7,91
2017-04-26,24.2,1008.2,95
2017-04-27,24.5,1009.0,88
2017-04-28,23.1,1011.7,92
2017-04-29,23.0,1011.8,93
2017-04-30,25.6,1010.5,76
2017-05-01,23.4,1010.1,89
2017-05-02,23.6,1009.2,92
2017-05-03,24.4,1008.7,90
2017-05-04,24.4,1007.5,84
2017-05-05,25.7,1006.9,86
2017-05-06,25.9,1007.9,88
2017-05-07,27.0,1007.9,79
2017-05-08,24.5,1007.3,93
2017-05-09,23.5,1008.2,84
2017-05-10,23.9,1008.7,80
2017-05-11,24.4,1007.6,71
2017-05-12,25.5,1008.4,83
2017-05-13,25.2,1008.9,88
2017-05-14,28.8,1009.0,71
2017-05-15,26.0,1008.6,87
2017-05-16,26.6,1009.3,86
2017-05-17,26.6,1010.0,83
2017-05-18,25.1,1009.6,80
2017-05-19,26.2,1008.3,78
2017-05-20,24.3,1008.9,88
2017-05-21,27.3,1009.7,76
2017-05-22,25.7,1010.1,88
2017-05-23,26.2,1009.8,84
2017-05-24,26.1,1010.2,85
2017-05-25,26.2,1010.2,85
2017-05-26,25.9,1010.7,83
2017-05-27,26.3,1011.1,77
2017-05-28,30.0,1010.0,60
2017-05-29,26.4,1012.0,80
2017-05-30,25.4,1012.0,85
2017-05-31,23.9,1012.3,85
2017-06-01,25.4,1010.6,80
2017-06-02,26.5,1009.4,81
2017-06-03,26.7,1009.5,84
2017-06-04,30.1,1008.5,68
2017-06-05,26.7,1008.9,87
2017-06-06,26.4,1009.1,83
2017-06-07,26.6,1008.2,84
2017-06-08,26.6,1008.9,82
2017-06-09,27.3,1010.3,80
2017-06-10,26.8,1011.0,79
2017-06-11,28.4,1010.3,74
2017-06-12,26.0,1008.8,82
2017-06-13,26.3,1009.5,79
2017-06-14,26.5,1010.3,85
2017-06-15,26.7,1010.2,83
2017-06-16,25.4,1010.0,90
2017-06-17,26.9,1009.1,78
2017-06-18,28.9,1009.1,69
2017-06-19,26.2,1010.4,83
2017-06-20,25.7,1010.3,80
2017-06-21,24.5,1010.5,88
2017-06-22,26.0,1009.3,85
2017-06-23,26.9,1009.1,72
2017-06-24,26.0,1010.5,84
2017-06-25,30.3,1011.0,64
2017-06-26,26.2,1010.4,86
2017-06-27,27.1,1009.4,85
2017-06-28,26.7,1010.0,79
2017-06-29,27.8,1010.5,69
2017-06-30,25.9,1011.9,90
2017-07-01,25.3,1012.7,89
2017-07-02,27.1,1011.9,77
2017-07-03,26.3,1011.7,81
2017-07-04,26.6,1010.4,78
2017-07-05,27.7,1011.4,80
2017-07-06,26.7,1011.8,82
2017-07-07,27.1,1010.7,74
2017-07-08,25.3,1010.7,86
2017-07-09,29.1,1009.1,67
2017-07-10,26.6,1009.4,86
2017-07-11,26.8,1009.6,88
2017-07-12,24.9,1010.4,91
2017-07-13,26.4,1010.7,85
2017-07-14,25.3,1011.2,82
2017-07-15,25.6,1009.9,90
2017-07-16,28.7,1009.8,77
2017-07-17,24.7,1011.5,88
2017-07-18,27.7,1011.1,77
2017-07-19,27.0,1011.7,73
2017-07-20,27.5,1010.7,69
2017-07-21,27.0,1011.0,72
2017-07-22,26.8,1010.2,79
2017-07-23,30.2,1010.1,72
2017-07-24,27.0,1011.3,86
2017-07-25,27.5,1010.5,75
2017-07-26,25.5,1008.7,90
2017-07-27,27.2,1008.4,87
2017-07-28,27.3,1008.3,86
2017-07-29,27.5,1009.7,82
2017-07-30,29.4,1010.1,71
2017-07-31,26.5,1011.2,87
2017-08-01,28.6,1011.0,70
2017-08-02,28.3,1010.7,69
2017-08-03,25.9,1011.6,91
2017-08-04,27.5,1010.8,78
2017-08-05,26.0,1010.3,86
2017-08-06,29.5,1008.7,68
2017-08-07,25.6,1008.6,85
2017-08-08,26.1,1009.3,91
2017-08-09,26.8,1010.5,86
2017-08-10,27.6,1009.7,70
2017-08-11,25.5,1008.3,86
2017-08-12,26.2,1009.2,90
2017-08-13,30.2,1009.5,67
2017-08-14,26.9,1008.7,80
2017-08-15,27.3,1008.9,80
2017-08-16,27.8,1008.4,74
2017-08-17,23.7,1008.7,96
2017-08-18,27.7,1007.9,80
2017-08-19,25.7,1006.1,87
2017-08-20,27.9,1008.4,81
2017-08-21,25.7,1010.1,88
2017-08-22,25.6,1008.4,90
2017-08-23,26.8,1006.8,89
2017-08-24,27.2,1007.8,89
2017-08-25,26.0,1009.2,88
2017-08-26,26.3,1007.9,76
2017-08-27,28.2,1006.7,72
2017-08-28,26.2,1007.0,86
2017-08-29,26.5,1008.4,89
2017-08-30,25.8,1010.0,88
2017-08-31,27.1,1009.7,88
2017-09-01,27.5,1010.5,74
2017-09-02,26.9,1010.1,80
2017-09-03,28.3,1008.5,74
2017-09-04,26.6,1006.9,86
2017-09-05,27.6,1005.6,77
2017-09-06,27.1,1003.6,82
2017-09-07,26.7,1002.3,87
2017-09-08,26.0,1004.8,90
2017-09-09,26.9,1006.1,85
2017-09-10,29.3,1004.9,74
2017-09-11,27.7,1006.8,85
2017-09-12,26.6,1006.8,87
2017-09-13,27.0,1006.9,87
2017-09-14,27.8,1006.9,84
2017-09-15,25.5,1008.7,92
2017-09-16,25.7,1008.2,92
2017-09-17,29.5,1006.7,76
2017-09-18,26.8,1007.0,87
2017-09-19,27.4,1006.5,77
2017-09-20,27.3,1001.4,73
2017-09-21,26.6,999.3,88
2017-09-22,27.2,1002.7,86
2017-09-23,26.8,1005.5,85
2017-09-24,26.6,1006.6,93
2017-09-25,26.1,1007.6,91
2017-09-26,25.4,1008.1,90
2017-09-27,26.5,1007.5,87
2017-09-28,25.7,1007.2,85
2017-09-29,25.4,1007.9,87
2017-09-30,24.7,1006.5,92
2017-10-01,26.2,1004.8,84
2017-10-02,25.5,1006.5,90
2017-10-03,26.7,1006.9,76
2017-10-04,26.0,1005.4,89
2017-10-05,25.5,1006.9,94
2017-10-06,25.2,1008.5,93
2017-10-07,25.6,1008.6,92
2017-10-08,26.1,1005.6,84
2017-10-09,24.7,1004.5,89
2017-10-10,24.6,1004.0,86
2017-10-11,26.2,1005.0,86
2017-10-12,26.7,1005.7,89
2017-10-13,26.2,1006.8,81
2017-10-14,26.2,1006.6,80
2017-10-15,27.4,1005.1,83
2017-10-16,26.4,1007.9,87
2017-10-17,25.8,1008.0,91
2017-10-18,25.1,1009.0,90
2017-10-19,26.2,1008.5,82
2017-10-20,26.3,1008.0,78
2017-10-21,25.6,1009.8,76
2017-10-22,30.1,1008.9,54
2017-10-23,24.7,1008.0,87
2017-10-24,24.3,1007.0,81
2017-10-25,24.9,1006.9,89
2017-10-26,25.7,1006.4,89
2017-10-27,26.3,1006.3,80
2017-10-28,25.1,1005.2,91
2017-10-29,27.6,1003.9,78
2017-10-30,25.4,1007.4,93
2017-10-31,26.6,1006.8,79
2017-11-01,25.8,1007.1,90
2017-11-02,25.2,1007.2,87
2017-11-03,26.1,1006.4,77
2017-11-04,24.4,1006.3,84
2017-11-05,26.3,1006.9,79
2017-11-06,23.6,1007.6,94
2017-11-07,24.0,1005.2,93
2017-11-08,24.0,1005.5,89
2017-11-09,24.1,1006.2,92
2017-11-10,24.4,1006.0,93
2017-11-11,23.9,1006.2,94
2017-11-12,25.7,1005.2,86
2017-11-13,23.9,1005.7,96
2017-11-14,24.7,1003.4,88
2017-11-15,25.6,1003.0,87
2017-11-16,24.8,1003.2,92
2017-11-17,25.2,1002.9,91
2017-11-18,24.6,1004.0,83
2017-11-19,26.0,1003.4,79
2017-11-20,23.8,1006.8,94
2017-11-21,24.5,1007.2,90
2017-11-22,24.6,1006.9,79
2017-11-23,23.7,1006.3,88
2017-11-24,25.3,1008.0,90
2017-11-25,24.8,1008.0,91
2017-11-26,27.6,1006.2,78
2017-11-27,25.2,1007.4,87
2017-11-28,24.3,1009.7,87
2017-11-29,24.8,1007.7,90
2017-11-30,24.4,1005.9,85
2017-12-01,23.9,1006.6,87
2017-12-02,24.7,1006.9,77
2017-12-03,28.8,1005.0,61
2017-12-04,23.1,1009.0,89
2017-12-05,24.8,1010.7,84
2017-12-06,23.8,1010.8,89
2017-12-07,23.9,1009.3,84
2017-12-08,23.7,1009.4,87
2017-12-09,25.2,1009.4,84
2017-12-10,28.5,1007.8,61
2017-12-11,24.1,1007.4,74
2017-12-12,24.1,1007.3,84
2017-12-13,24.3,1009.2,87
2017-12-14,24.9,1010.7,86
2017-12-15,24.4,1011.2,83
2017-12-16,24.5,1012.1,76
2017-12-17,28.3,1010.7,61
2017-12-18,24.2,1013.1,81
2017-12-19,24.7,1011.5,81
2017-12-20,24.5,1010.4,71
2017-12-21,24.3,1011.1,78
2017-12-22,24.3,1011.9,79
2017-12-23,23.6,1011.8,80
2017-12-24,28.2,1010.8,52
2017-12-25,23.3,1012.4,80
2017-12-26,23.7,1012.5,82
2017-12-27,24.0,1011.4,80
2017-12-28,23.9,1010.6,81
2017-12-29,23.9,1010.4,85
2017-12-30,24.5,1010.0,79
2017-12-31,28.3,1010.4,55
2018-01-01,24.7,1010.3,84
2018-01-02,24.3,1008.6,83
2018-01-03,25.0,1007.6,82
2018-01-04,25.3,1009.4,81
2018-01-05,24.3,1011.7,81
2018-01-06,23.9,1010.1,92
2018-01-07,24.5,1008.8,87
2018-01-08,23.7,1010.0,86
2018-01-09,22.8,1009.8,85
2018-01-10,23.7,1009.7,86
2018-01-11,22.7,1011.2,94
2018-01-12,23.5,1010.6,89
2018-01-13,24.1,1010.4,82
2018-01-14,25.4,1009.2,76
2018-01-15,24.0,1010.4,83
2018-01-16,22.9,1011.2,87
2018-01-17,23.8,1010.3,86
2018-01-18,23.9,1010.3,92
2018-01-19,23.6,1011.0,83
2018-01-20,23.7,1011.4,89
2018-01-21,27.1,1008.8,71
2018-01-22,24.3,1009.5,83
2018-01-23,24.2,1010.1,81
2018-01-24,23.2,1010.4,87
2018-01-25,23.1,1011.6,85
2018-01-26,23.7,1011.5,73
2018-01-27,23.4,1010.9,80
2018-01-28,26.1,1010.2,72
2018-01-29,23.3,1009.4,81
2018-01-30,24.4,1007.7,85
2018-01-31,23.3,1010.0,79
2018-02-01,22.6,1011.2,64
2018-02-02,23.8,1010.5,74
2018-02-03,23.5,1011.1,68
2018-02-04,28.1,1009.9,41
2018-02-05,24.3,1011.9,75
2018-02-06,23.2,1014.0,85
2018-02-07,23.7,1012.9,77
2018-02-08,24.1,1012.5,75
2018-02-09,22.7,1012.0,82
2018-02-10,22.4,1013.0,84
2018-02-11,27.4,1013.0,55
2018-02-12,23.4,1015.5,70
2018-02-13,22.4,1015.9,79
2018-02-14,23.1,1015.0,73
2018-02-15,23.3,1014.4,73
2018-02-16,23.4,1013.9,71
2018-02-17,23.5,1013.9,71
2018-02-18,27.3,1012.2,59
2018-02-19,24.4,1014.3,71
2018-02-20,23.3,1015.8,74
2018-02-21,23.4,1016.1,76
2018-02-22,23.3,1015.3,70
2018-02-23,23.2,1013.6,69
2018-02-24,22.2,1012.6,78
2018-02-25,23.2,1012.4,76
2018-02-26,21.8,1012.1,79
2018-02-27,22.3,1010.0,81
2018-02-28,23.3,1010.3,73
2018-03-01,23.5,1010.8,83
2018-03-02,22.5,1009.0,85
2018-03-03,24.2,1005.3,82
2018-03-04,27.6,1003.2,43
2018-03-05,22.3,1007.4,66
2018-03-06,23.4,1010.5,63
2018-03-07,23.6,1010.8,75
2018-03-08,24.0,1010.7,89
2018-03-09,24.0,1011.6,91
2018-03-10,25.1,1010.5,82
2018-03-11,27.9,1010.2,65
2018-03-12,25.1,1008.0,79
2018-03-13,24.9,1009.5,84
2018-03-14,24.6,1009.7,85
2018-03-15,24.4,1009.8,88
2018-03-16,22.7,1009.7,92
2018-03-17,24.3,1008.9,88
2018-03-18,27.6,1006.9,61
2018-03-19,24.8,1006.4,81
2018-03-20,24.9,1008.2,80
2018-03-21,24.7,1010.3,85
2018-03-22,25.4,1010.2,83
2018-03-23,23.6,1010.4,86
2018-03-24,23.6,1010.8,74
2018-03-25,30.7,1009.3,35
2018-03-26,24.4,1010.2,77
2018-03-27,23.1,1009.9,76
2018-03-28,23.3,1010.9,71
2018-03-29,22.4,1011.1,57
2018-03-30,23.1,1009.3,65
2018-03-31,23.9,1007.7,57
2018-04-01,27.8,1007.3,56
2018-04-02,24.7,1007.6,76
2018-04-03,25.2,1008.3,72
2018-04-04,25.3,1008.3,83
2018-04-05,24.8,1008.0,77
2018-04-06,25.2,1008.3,82
2018-04-07,24.9,1008.8,85
2018-04-08,28.3,1008.9,62
2018-04-09,25.6,1011.3,73
2018-04-10,25.9,1010.8,68
2018-04-11,25.4,1010.1,79
2018-04-12,25.7,1009.6,70
2018-04-13,24.2,1011.3,86
2018-04-14,26.0,1011.5,63
2018-04-15,26.6,1012.7,70
2018-04-16,25.2,1010.1,80
2018-04-17,25.7,1009.5,79
2018-04-18,25.3,1011.4,79
2018-04-19,24.5,1012.5,81
2018-04-20,24.2,1010.4,88
2018-04-21,24.9,1010.1,78
2018-04-22,29.0,1009.5,53
2018-04-23,24.4,1009.7,76
2018-04-24,25.3,1010.3,82
2018-04-25,25.3,1009.0,81
2018-04-26,25.0,1008.9,84
2018-04-27,25.6,1008.9,81
2018-04-28,25.5,1009.8,83
2018-04-29,27.9,1010.6,66
2018-04-30,25.4,1010.6,79
2018-05-01,25.9,1010.9,81
2018-05-02,25.0,1010.7,79
2018-05-03,24.9,1008.5,85
2018-05-04,23.9,1008.9,91
2018-05-05,24.2,1011.0,88
2018-05-06,27.9,1010.9,69
2018-05-07,25.1,1010.6,83
2018-05-08,25.5,1010.4,79
2018-05-09,25.3,1010.6,82
2018-05-10,25.3,1010.5,81
2018-05-11,25.2,1011.0,81
2018-05-12,25.0,1010.7,79
2018-05-13,27.4,1009.8,71
2018-05-14,25.7,1009.6,82
2018-05-15,24.2,1010.7,79
2018-05-16,24.2,1010.1,86
2018-05-17,24.5,1009.5,84
2018-05-18,25.0,1009.5,75
2018-05-19,24.3,1010.6,80
2018-05-20,26.5,1010.7,76
2018-05-21,24.9,1009.8,78
2018-05-22,24.8,1010.3,83
2018-05-23,25.8,1011.5,84
2018-05-24,25.5,1010.6,84
2018-05-25,26.0,1009.3,82
2018-05-26,25.4,1008.7,85
2018-05-27,28.9,1009.0,62
2018-05-28,25.2,1010.9,87
2018-05-29,25.2,1010.1,87
2018-05-30,25.3,1009.4,83
2018-05-31,25.5,1008.8,85
2018-06-01,26.0,1008.0,81
2018-06-02,26.1,1009.2,85
2018-06-03,29.6,1011.2,60
2018-06-04,25.7,1010.5,86
2018-06-05,25.2,1009.5,84
2018-06-06,26.3,1009.2,90
2018-06-07,26.6,1010.7,87
2018-06-08,26.0,1012.0,80
2018-06-09,26.4,1010.8,77
2018-06-10,29.1,1009.7,67
2018-06-11,26.4,1010.9,80
2018-06-12,26.6,1011.3,85
2018-06-13,26.9,1012.6,78
2018-06-14,26.7,1012.2,81
2018-06-15,26.5,1010.9,79
2018-06-16,26.3,1010.8,81
2018-06-17,29.3,1011.4,70
2018-06-18,26.6,1011.0,87
2018-06-19,27.0,1009.7,80
2018-06-20,26.6,1010.3,79
2018-06-21,26.4,1010.5,81
2018-06-22,27.1,1009.9,78
2018-06-23,23.0,1011.2,94
2018-06-24,27.7,1011.9,75
2018-06-25,26.9,1012.2,75
2018-06-26,26.6,1010.7,85
2018-06-27,24.9,1010.5,89
2018-06-28,24.9,1011.1,81
2018-06-29,27.6,1010.8,74
2018-06-30,26.9,1010.3,84
2018-07-01,31.6,1008.1,55
2018-07-02,26.7,1008.7,86
2018-07-03,26.8,1010.6,84
2018-07-04,27.1,1011.1,73
2018-07-05,28.0,1011.2,69
2018-07-06,27.0,1010.4,75
2018-07-07,27.7,1011.0,74
2018-07-08,31.6,1010.6,52
2018-07-09,24.5,1010.1,93
2018-07-10,26.2,1010.0,87
2018-07-11,26.1,1010.9,93
2018-07-12,25.9,1012.0,86
2018-07-13,26.3,1012.1,82
2018-07-14,27.0,1011.6,82
2018-07-15,30.0,1010.2,66
2018-07-16,25.5,1012.3,91
2018-07-17,26.4,1012.4,89
2018-07-18,26.5,1010.0,84
2018-07-19,25.6,1009.8,91
2018-07-20,27.0,1010.6,84
2018-07-21,26.0,1010.0,89
2018-07-22,28.9,1008.1,69
2018-07-23,26.2,1009.9,83
2018-07-24,26.0,1010.5,84
2018-07-25,26.2,1010.6,88
2018-07-26,27.0,1011.0,80
2018-07-27,26.9,1011.6,80
2018-07-28,25.3,1011.2,83
2018-07-29,29.8,1010.8,62
2018-07-30,27.2,1010.7,69
2018-07-31,27.8,1010.6,75
2018-08-01,25.1,1010.0,88
2018-08-02,24.6,1010.7,92
2018-08-03,27.2,1010.2,69
2018-08-04,26.4,1009.9,82
2018-08-05,29.2,1009.8,68
2018-08-06,24.2,1011.2,90
2018-08-07,27.1,1011.6,84
2018-08-08,26.3,1011.3,87
2018-08-09,26.6,1010.9,84
2018-08-10,25.4,1010.7,91
2018-08-11,26.6,1011.7,86
2018-08-12,28.2,1012.3,78
2018-08-13,25.4,1009.7,85
2018-08-14,25.0,1009.2,88
2018-08-15,26.4,1011.0,84
2018-08-16,26.6,1012.1,83
2018-08-17,26.2,1012.2,85
2018-08-18,24.1,1010.6,93
2018-08-19,28.6,1010.1,70
2018-08-20,26.4,1011.4,86
2018-08-21,24.5,1011.8,91
2018-08-22,26.1,1010.4,85
2018-08-23,27.1,1009.3,81
2018-08-24,26.7,1009.7,78
2018-08-25,26.4,1010.2,86
2018-08-26,28.7,1010.0,69
2018-08-27,25.8,1010.1,84
2018-08-28,25.9,1010.6,82
2018-08-29,26.1,1009.2,85
2018-08-30,23.6,1008.7,94
2018-08-31,23.7,1009.5,94
2018-09-01,25.8,1008.4,87
2018-09-02,27.7,1007.6,78
2018-09-03,24.7,1007.9,91
2018-09-04,25.7,1007.7,90
2018-09-05,25.5,1008.6,88
2018-09-06,25.8,1008.3,92
2018-09-07,26.2,1008.4,87
2018-09-08,26.2,1008.1,86
2018-09-09,29.4,1006.6,68
2018-09-10,27.7,1007.0,81
2018-09-11,26.8,1006.8,83
2018-09-12,26.2,1007.7,88
2018-09-13,27.1,1006.8,82
2018-09-14,27.1,1004.0,74
2018-09-15,24.5,1005.4,93
2018-09-16,26.7,1006.4,85
2018-09-17,25.3,1007.6,95
2018-09-18,26.1,1008.5,87
2018-09-19,26.3,1008.4,89
2018-09-20,24.9,1009.8,93
2018-09-21,26.7,1008.2,77
2018-09-22,26.2,1006.4,88
2018-09-23,29.1,1005.8,72
2018-09-24,26.2,1008.9,84
2018-09-25,24.2,1009.4,91
2018-09-26,25.0,1008.0,90
2018-09-27,24.7,1007.3,91
2018-09-28,26.1,1007.9,82
2018-09-29,24.4,1006.7,92
2018-09-30,28.3,1006.3,74
2018-10-01,25.6,1007.5,88
2018-10-02,26.0,1006.8,84
2018-10-03,25.8,1005.5,91
2018-10-04,23.7,1007.6,94
2018-10-05,24.5,1008.5,93
2018-10-06,24.0,1009.0,93
2018-10-07,25.8,1006.7,83
2018-10-08,25.5,1007.3,91
2018-10-09,24.4,1008.7,94
2018-10-10,24.6,1007.6,91
2018-10-11,25.6,1006.8,85
2018-10-12,24.7,1006.3,89
2018-10-13,24.8,1008.4,88
2018-10-14,25.8,1008.6,82
2018-10-15,24.9,1009.4,89
2018-10-16,25.4,1008.4,82
2018-10-17,24.7,1009.2,92
2018-10-18,25.0,1009.4,83
2018-10-19,25.0,1008.3,80
2018-10-20,24.8,1006.2,78
2018-10-21,29.0,1004.6,69
2018-10-22,25.6,1008.2,78
2018-10-23,26.0,1007.3,78
2018-10-24,24.8,1006.0,93
2018-10-25,25.4,1005.4,89
2018-10-26,24.5,1006.6,91
2018-10-27,25.2,1008.1,92
2018-10-28,29.5,1006.7,64
2018-10-29,25.6,1006.7,83
2018-10-30,25.2,1008.1,87
2018-10-31,25.7,1009.3,77
2018-11-01,25.8,1009.4,83
2018-11-02,25.6,1009.6,82
2018-11-03,24.8,1010.0,74
2018-11-04,25.6,1008.7,86
2018-11-05,24.1,1007.8,89
2018-11-06,24.2,1006.6,90
2018-11-07,24.0,1006.9,93
2018-11-08,24.4,1006.5,89
2018-11-09,25.1,1007.3,87
2018-11-10,25.2,1006.9,86
2018-11-11,29.1,1005.7,67
2018-11-12,24.3,1008.7,90
2018-11-13,23.9,1008.7,93
2018-11-14,23.8,1008.6,94
2018-11-15,25.5,1008.8,86
2018-11-16,25.4,1008.3,89
2018-11-17,24.7,1009.3,89
2018-11-18,27.3,1008.5,82
2018-11-19,25.2,1009.5,86
2018-11-20,24.7,1010.3,82
2018-11-21,24.7,1010.2,90
2018-11-22,24.0,1008.9,91
2018-11-23,24.1,1007.0,85
2018-11-24,24.9,1007.3,84
2018-11-25,28.0,1007.5,73
2018-11-26,24.3,1008.8,91
2018-11-27,23.9,1007.4,90
2018-11-28,24.6,1008.0,87
2018-11-29,24.1,1010.2,88
2018-11-30,24.5,1010.8,84
2018-12-01,25.4,1010.8,77
2018-12-02,27.1,1010.0,72
2018-12-03,24.3,1010.6,86
2018-12-04,24.4,1009.5,80
2018-12-05,24.1,1010.7,84
2018-12-06,25.0,1012.7,74
2018-12-07,23.9,1013.8,88
2018-12-08,24.9,1012.7,75
2018-12-09,27.8,1010.8,65
2018-12-10,23.7,1012.8,88
2018-12-11,24.3,1012.5,85
2018-12-12,24.8,1011.3,82
2018-12-13,24.8,1012.2,79
2018-12-14,24.2,1013.4,82
2018-12-15,24.7,1014.0,81
2018-12-16,26.8,1011.4,71
2018-12-17,23.2,1011.4,90
2018-12-18,24.1,1010.7,80
2018-12-19,23.6,1009.7,81
2018-12-20,24.9,1009.8,79
2018-12-21,24.0,1010.3,88
2018-12-22,23.8,1011.0,83
2018-12-23,27.6,1010.2,70
2018-12-24,23.8,1011.0,85
2018-12-25,24.0,1011.1,70
2018-12-26,24.5,1011.9,78
2018-12-27,24.4,1013.2,78
2018-12-28,24.5,1014.2,75
2018-12-29,24.6,1013.5,69
2018-12-30,29.4,1010.5,47
2018-12-31,24.3,1013.0,73
2019-01-01,23.9,1012.8,68
2019-01-02,24.4,1012.1,71
2019-01-03,25.5,1012.1,77
2019-01-04,25.0,1011.9,80
2019-01-05,24.8,1011.9,82
2019-01-06,27.3,1010.3,62
2019-01-07,24.0,1012.1,84
2019-01-08,23.6,1012.1,78
2019-01-09,23.7,1009.7,81
2019-01-10,23.3,1008.7,87
2019-01-11,22.1,1010.9,91
2019-01-12,23.4,1012.8,82
2019-01-13,27.7,1010.6,64
2019-01-14,24.2,1011.2,81
2019-01-15,22.5,1011.5,86
2019-01-16,22.7,1012.0,84
2019-01-17,23.8,1012.2,82
2019-01-18,22.2,1011.1,95
2019-01-19,24.1,1011.0,75
2019-01-20,26.5,1010.7,64
2019-01-21,24.0,1012.1,83
2019-01-22,23.6,1015.0,78
2019-01-23,24.1,1013.5,73
2019-01-24,23.1,1012.6,88
2019-01-25,23.9,1012.3,82
2019-01-26,23.4,1009.9,73
2019-01-27,26.0,1008.7,66
2019-01-28,23.8,1009.3,88
2019-01-29,22.9,1009.9,93
2019-01-30,23.6,1010.0,86
2019-01-31,24.1,1011.5,83
2019-02-01,24.3,1011.6,76
2019-02-02,24.2,1010.0,76
2019-02-03,26.2,1008.8,60
2019-02-04,24.1,1008.7,83
2019-02-05,23.5,1009.2,80
2019-02-06,24.9,1009.2,68
2019-02-07,24.6,1010.0,69
2019-02-08,24.3,1010.8,73
2019-02-09,23.5,1012.0,74
2019-02-10,29.0,1010.7,51
2019-02-11,23.4,1011.7,76
2019-02-12,23.6,1011.6,76
2019-02-13,24.1,1010.4,78
2019-02-14,24.6,1008.7,80
2019-02-15,25.0,1008.6,79
2019-02-16,24.9,1009.3,84
2019-02-17,27.6,1011.0,69
2019-02-18,23.8,1013.5,81
2019-02-19,24.7,1012.4,63
2019-02-20,24.0,1012.3,77
2019-02-21,25.1,1012.2,67
2019-02-22,25.2,1013.4,73
2019-02-23,25.7,1013.3,60
2019-02-24,28.8,1012.2,52
2019-02-25,25.2,1013.5,65
2019-02-26,25.4,1013.6,63
2019-02-27,25.6,1012.3,61
2019-02-28,25.0,1011.8,80
2019-03-01,24.8,1012.6,79
2019-03-02,24.5,1011.4,73
2019-03-03,27.7,1010.0,56
2019-03-04,25.1,1010.7,78
2019-03-05,25.2,1011.1,79
2019-03-06,25.0,1011.4,80
2019-03-07,25.4,1010.8,74
2019-03-08,24.7,1010.0,75
2019-03-09,23.5,1010.6,90
2019-03-10,29.9,1010.7,42
2019-03-11,23.7,1011.7,72
2019-03-12,23.4,1010.1,81
2019-03-13,24.2,1009.6,69
2019-03-14,24.4,1010.2,81
2019-03-15,24.4,1010.9,75
2019-03-16,24.2,1010.8,78
2019-03-17,27.7,1008.6,51
2019-03-18,23.6,1009.1,81
2019-03-19,24.3,1009.0,78
2019-03-20,24.2,1007.9,74
2019-03-21,24.7,1008.3,80
2019-03-22,24.4,1009.4,76
2019-03-23,24.0,1011.8,79
2019-03-24,29.0,1010.4,52
2019-03-25,23.4,1009.0,89
2019-03-26,24.6,1007.5,84
2019-03-27,24.6,1008.2,82
2019-03-28,24.5,1008.2,87
2019-03-29,23.7,1008.9,87
2019-03-30,23.3,1008.9,93
2019-03-31,27.1,1007.8,70
2019-04-01,24.9,1010.3,80
2019-04-02,24.1,1012.0,92
2019-04-03,24.9,1013.0,84
2019-04-04,25.2,1011.9,70
2019-04-05,24.5,1011.3,81
2019-04-06,25.4,1012.1,81
2019-04-07,29.2,1010.9,48
2019-04-08,25.0,1010.8,74
2019-04-09,24.6,1008.1,78
2019-04-10,24.8,1006.7,77
2019-04-11,24.8,1007.8,79
2019-04-12,25.4,1009.3,80
2019-04-13,25.3,1009.4,78
2019-04-14,27.6,1009.0,68
2019-04-15,25.2,1009.7,72
2019-04-16,25.2,1009.8,80
2019-04-17,25.3,1008.9,76
2019-04-18,25.3,1009.5,76
2019-04-19,25.4,1009.5,77
2019-04-20,25.5,1011.0,74
2019-04-21,28.2,1010.1,61
2019-04-22,24.2,1008.2,83
2019-04-23,23.8,1008.0,80
2019-04-24,25.2,1009.0,74
2019-04-25,25.4,1010.3,76
2019-04-26,25.4,1009.4,78
2019-04-27,26.2,1009.4,80
2019-04-28,29.4,1008.9,64
2019-04-29,24.5,1010.6,82
2019-04-30,25.7,1010.6,75
2019-05-01,26.4,1011.1,76
2019-05-02,25.1,1010.9,83
2019-05-03,25.5,1010.1,78
2019-05-04,25.7,1009.4,77
2019-05-05,28.3,1008.3,63
2019-05-06,25.8,1009.6,82
2019-05-07,26.0,1009.1,78
2019-05-08,25.5,1008.0,79
2019-05-09,25.4,1007.7,81
2019-05-10,25.6,1007.9,81
2019-05-11,26.1,1008.5,86
2019-05-12,29.4,1009.0,67
2019-05-13,26.4,1009.8,86
2019-05-14,25.8,1009.3,86
2019-05-15,26.2,1008.8,84
2019-05-16,26.4,1008.8,86
2019-05-17,25.8,1009.0,82
2019-05-18,26.3,1007.9,81
2019-05-19,28.9,1008.5,65
2019-05-20,26.4,1008.1,81
2019-05-21,26.7,1008.0,78
2019-05-22,26.4,1007.7,83
2019-05-23,24.0,1008.2,94
2019-05-24,24.2,1008.2,93
2019-05-25,24.2,1008.7,89
2019-05-26,28.5,1007.7,68
2019-05-27,25.0,1007.7,94
2019-05-28,23.9,1008.8,95
2019-05-29,24.4,1008.7,95
2019-05-30,23.9,1008.8,94
2019-05-31,24.8,1008.4,89
2019-06-01,26.1,1007.8,80
2019-06-02,28.4,1007.9,69
2019-06-03,25.5,1009.8,91
2019-06-04,26.4,1009.7,90
2019-06-05,26.7,1008.5,83
2019-06-06,25.6,1007.6,89
2019-06-07,26.2,1008.8,87
2019-06-08,26.9,1010.4,82
2019-06-09,27.5,1010.5,78
2019-06-10,26.0,1010.7,87
2019-06-11,26.3,1010.9,82
2019-06-12,26.7,1010.7,78
2019-06-13,26.9,1010.8,82
2019-06-14,26.8,1010.2,79
2019-06-15,25.9,1010.9,86
2019-06-16,29.7,1009.5,69
2019-06-17,27.5,1012.0,81
2019-06-18,27.4,1011.1,80
2019-06-19,26.9,1010.5,87
2019-06-20,27.1,1011.8,79
2019-06-21,26.2,1013.7,88
2019-06-22,27.2,1012.9,85
2019-06-23,28.9,1010.6,73
2019-06-24,27.2,1009.9,83
2019-06-25,25.6,1010.4,91
2019-06-26,26.1,1010.0,87
2019-06-27,24.7,1011.1,92
2019-06-28,27.1,1010.8,72
2019-06-29,27.8,1011.4,74
2019-06-30,30.3,1010.4,65
2019-07-01,27.3,1010.4,79
2019-07-02,27.2,1009.4,77
2019-07-03,27.1,1008.8,79
2019-07-04,27.1,1010.4,78
2019-07-05,25.7,1012.4,86
2019-07-06,26.2,1011.8,82
2019-07-07,29.6,1010.2,65
2019-07-08,26.6,1010.1,79
2019-07-09,24.9,1012.5,85
2019-07-10,26.6,1011.8,90
2019-07-11,27.6,1009.3,69
2019-07-12,27.0,1009.0,71
2019-07-13,26.4,1010.7,81
2019-07-14,29.6,1009.8,69
2019-07-15,27.4,1010.3,73
2019-07-16,27.7,1010.7,77
2019-07-17,26.6,1011.0,79
2019-07-18,27.3,1010.5,74
2019-07-19,25.8,1010.7,88
2019-07-20,27.9,1009.3,76
2019-07-21,30.2,1008.4,60
2019-07-22,26.4,1009.9,81
2019-07-23,27.7,1011.3,81
2019-07-24,27.6,1010.7,77
2019-07-25,28.1,1010.7,70
2019-07-26,27.5,1012.0,75
2019-07-27,27.7,1011.8,81
2019-07-28,30.1,1009.0,64
2019-07-29,26.9,1007.6,81
2019-07-30,26.2,1008.2,89
2019-07-31,25.0,1008.7,94
2019-08-01,26.9,1008.7,85
2019-08-02,27.5,1008.3,76
2019-08-03,27.1,1009.6,85
2019-08-04,30.1,1009.8,69
2019-08-05,27.5,1009.7,78
2019-08-06,27.2,1009.3,85
2019-08-07,26.5,1010.7,88
2019-08-08,27.0,1010.2,89
2019-08-09,27.5,1009.9,83
2019-08-10,27.3,1010.0,85
2019-08-11,29.8,1009.7,68
2019-08-12,26.9,1008.4,85
2019-08-13,27.5,1009.6,86
2019-08-14,27.4,1010.2,85
2019-08-15,27.7,1011.7,86
2019-08-16,28.4,1011.7,71
2019-08-17,25.9,1010.1,86
2019-08-18,29.4,1009.6,72
2019-08-19,26.8,1009.6,85
2019-08-20,27.0,1010.2,87
2019-08-21,27.1,1009.2,88
2019-08-22,25.0,1009.4,93
2019-08-23,27.4,1009.7,82
2019-08-24,27.4,1009.8,88
2019-08-25,29.8,1009.3,73
2019-08-26,26.8,1008.7,89
2019-08-27,27.8,1007.9,82
2019-08-28,27.6,1006.5,72
2019-08-29,27.8,1006.9,81
2019-08-30,27.0,1008.1,90
2019-08-31,27.6,1007.3,82
2019-09-01,30.7,1006.6,63
2019-09-02,27.6,1006.2,79
2019-09-03,27.6,1007.6,82
2019-09-04,28.2,1009.7,79
2019-09-05,27.6,1009.3,77
2019-09-06,26.8,1008.1,88
2019-09-07,25.6,1008.8,91
2019-09-08,29.2,1009.2,73
2019-09-09,26.7,1009.7,84
2019-09-10,27.1,1008.3,86
2019-09-11,27.5,1005.9,85
2019-09-12,28.2,1005.5,84
2019-09-13,28.3,1007.5,82
2019-09-14,28.3,1008.3,87
2019-09-15,30.8,1006.0,69
2019-09-16,25.0,1008.0,93
2019-09-17,26.2,1006.3,91
2019-09-18,26.1,1003.9,86
2019-09-19,24.9,1004.2,91
2019-09-20,26.2,1006.4,89
2019-09-21,27.7,1006.9,82
2019-09-22,29.4,1005.7,74
2019-09-23,26.4,1004.9,91
2019-09-24,26.4,1004.9,88
2019-09-25,27.3,1004.6,83
2019-09-26,27.7,1006.6,81
2019-09-27,27.9,1008.8,82
2019-09-28,26.0,1008.4,90
2019-09-29,27.8,1004.9,79
2019-09-30,26.2,1003.7,87
2019-10-01,25.8,1004.5,90
2019-10-02,25.9,1006.4,91
2019-10-03,26.8,1008.0,88
2019-10-04,27.8,1007.9,77
2019-10-05,25.8,1006.1,86
2019-10-06,29.6,1006.8,73
2019-10-07,25.4,1006.7,88
2019-10-08,26.7,1007.3,89
2019-10-09,26.8,1006.5,82
2019-10-10,27.1,1004.8,82
2019-10-11,26.3,1005.6,85
2019-10-12,26.7,1007.0,77
2019-10-13,29.9,1006.6,57
2019-10-14,26.8,1008.0,77
2019-10-15,26.5,1007.4,85
2019-10-16,26.5,1007.5,89
2019-10-17,27.0,1007.2,82
2019-10-18,26.7,1007.3,80
2019-10-19,25.9,1008.4,88
2019-10-20,29.4,1008.1,70
2019-10-21,24.2,1008.7,91
2019-10-22,24.6,1007.3,93
2019-10-23,24.2,1006.9,88
2019-10-24,24.7,1007.5,91
2019-10-25,25.3,1008.3,91
2019-10-26,25.5,1008.5,89
2019-10-27,29.0,1006.9,70
2019-10-28,26.0,1007.8,85
2019-10-29,25.9,1006.9,76
2019-10-30,25.8,1006.7,71
2019-10-31,25.6,1007.8,78
2019-11-01,25.8,1007.3,79
2019-11-02,25.9,1006.2,73
2019-11-03,29.1,1005.5,61
2019-11-04,26.1,1007.7,67
2019-11-05,24.6,1009.3,90
2019-11-06,25.7,1009.1,84
2019-11-07,26.0,1008.0,87
2019-11-08,26.2,1006.0,79
2019-11-09,26.1,1005.8,85
2019-11-10,28.2,1005.8,78
2019-11-11,24.6,1007.2,94
2019-11-12,26.1,1006.2,84
2019-11-13,26.9,1006.8,79
2019-11-14,25.5,1008.4,87
2019-11-15,26.0,1006.5,81
2019-11-16,25.7,1004.1,84
2019-11-17,27.9,1001.8,73
2019-11-18,25.2,1005.2,86
2019-11-19,25.6,1007.0,88
2019-11-20,25.9,1006.7,86
2019-11-21,24.9,1007.1,80
2019-11-22,25.4,1007.9,59
2019-11-23,24.7,1008.6,67
2019-11-24,27.9,1005.7,62
2019-11-25,25.2,1006.9,84
2019-11-26,26.9,1008.4,75
2019-11-27,26.3,1010.1,76
2019-11-28,25.3,1008.1,75
2019-11-29,24.8,1006.2,63
2019-11-30,24.9,1007.2,61
2019-12-01,29.8,1006.9,45
2019-12-02,26.5,1008.4,80
2019-12-03,25.2,1007.5,90
2019-12-04,25.3,1008.5,91
2019-12-05,25.7,1009.7,89
2019-12-06,25.1,1010.8,88
2019-12-07,24.3,1009.9,86
2019-12-08,25.3,1008.6,85
2019-12-09,25.5,1010.6,78
2019-12-10,24.1,1011.6,86
2019-12-11,23.9,1010.4,84
2019-12-12,24.2,1008.5,78
2019-12-13,23.6,1007.7,87
2019-12-14,24.1,1008.6,94
2019-12-15,26.1,1010.2,86
2019-12-16,24.3,1010.3,82
2019-12-17,24.9,1007.9,86
2019-12-18,24.9,1008.7,87
2019-12-19,25.3,1009.5,86
2019-12-20,24.4,1010.1,86
2019-12-21,24.6,1009.6,74
2019-12-22,28.1,1008.5,64
2019-12-23,24.7,1008.5,83
2019-12-24,25.5,1005.0,85
2019-12-25,26.2,1003.3,86
2019-12-26,25.8,1007.1,73
2019-12-27,24.3,1008.9,67
2019-12-28,24.7,1008.4,80
2019-12-29,28.5,1007.2,63
2019-12-30,25.4,1008.2,81
2019-12-31,25.0,1008.9,87
2020-01-01,25.3,1009.1,82
2020-01-02,24.8,1011.4,74
2020-01-03,25.2,1013.6,68
2020-01-04,25.3,1012.4,71
2020-01-05,29.3,1009.1,49
2020-01-06,23.9,1010.5,70
2020-01-07,24.2,1011.8,85
2020-01-08,25.6,1013.4,75
2020-01-09,25.0,1015.2,72
2020-01-10,25.3,1014.6,70
2020-01-11,24.5,1015.0,69
2020-01-12,27.1,1014.2,68
2020-01-13,23.5,1015.3,79
2020-01-14,22.5,1012.2,84
2020-01-15,23.6,1012.2,85
2020-01-16,24.3,1012.9,70
2020-01-17,24.1,1013.0,65
2020-01-18,22.6,1013.3,84
2020-01-19,28.7,1010.3,52
2020-01-20,24.4,1009.8,86
2020-01-21,24.2,1007.4,82
2020-01-22,25.0,1005.0,80
2020-01-23,23.5,1006.2,85
2020-01-24,23.4,1008.9,84
2020-01-25,23.2,1009.1,84
2020-01-26,26.6,1008.2,68
2020-01-27,24.8,1008.5,79
2020-01-28,25.0,1007.4,79
2020-01-29,24.3,1008.4,86
2020-01-30,24.1,1009.6,82
2020-01-31,25.1,1011.3,84
2020-02-01,25.3,1010.2,81
2020-02-02,28.4,1009.7,57
2020-02-03,24.0,1012.8,88
2020-02-04,25.2,1013.1,72
2020-02-05,24.5,1011.2,81
2020-02-06,24.9,1011.2,80
2020-02-07,24.1,1012.7,88
2020-02-08,25.7,1013.0,73
2020-02-09,30.4,1011.9,43
2020-02-10,23.6,1013.5,86
2020-02-11,23.7,1013.1,76
2020-02-12,24.8,1012.3,68
2020-02-13,24.8,1012.2,66
2020-02-14,24.9,1011.7,70
2020-02-15,25.4,1010.9,66
2020-02-16,27.9,1008.8,64
2020-02-17,24.4,1010.9,80
2020-02-18,24.6,1011.6,75
2020-02-19,24.8,1011.5,77
2020-02-20,24.0,1010.1,81
2020-02-21,24.6,1008.9,80
2020-02-22,25.1,1008.8,79
2020-02-23,26.2,1007.6,73
2020-02-24,23.6,1010.8,63
2020-02-25,24.2,1010.3,75
2020-02-26,23.9,1010.2,89
2020-02-27,24.9,1011.3,83
2020-02-28,24.7,1011.5,81
2020-02-29,25.0,1011.6,84
2020-03-01,27.7,1010.8,62
2020-03-02,23.9,1011.2,83
2020-03-03,24.2,1011.1,83
2020-03-04,24.6,1012.0,83
2020-03-05,24.6,1012.5,86
2020-03-06,24.1,1010.4,83
2020-03-07,24.0,1009.1,87
2020-03-08,27.3,1011.2,65
2020-03-09,21.3,1014.9,88
2020-03-10,22.0,1011.7,87
2020-03-11,23.4,1008.1,85
2020-03-12,24.1,1007.4,81
2020-03-13,24.0,1010.3,86
2020-03-14,23.9,1011.4,75
2020-03-15,27.8,1010.7,52
2020-03-16,22.9,1011.3,63
2020-03-17,23.0,1012.2,81
2020-03-18,24.1,1013.2,73
2020-03-19,23.0,1014.2,79
2020-03-20,23.4,1013.8,71
2020-03-21,23.3,1013.1,69
2020-03-22,28.4,1011.5,49
2020-03-23,22.7,1013.9,89
2020-03-24,23.2,1011.9,62
2020-03-25,24.0,1008.8,88
2020-03-26,24.5,1007.4,85
2020-03-27,24.2,1007.7,80
2020-03-28,23.8,1010.4,85
2020-03-29,27.1,1011.2,71
2020-03-30,24.2,1009.7,67
2020-03-31,23.6,1007.0,80
2020-04-01,23.9,1006.7,80
2020-04-02,24.7,1006.8,74
2020-04-03,23.7,1006.2,85
2020-04-04,25.0,1007.1,79
2020-04-05,29.0,1006.6,68
2020-04-06,25.6,1009.7,85
2020-04-07,24.6,1009.5,92
2020-04-08,24.3,1007.9,92
2020-04-09,25.1,1006.5,88
2020-04-10,25.4,1007.9,84
2020-04-11,24.8,1009.5,95
2020-04-12,28.7,1011.4,72
2020-04-13,26.3,1012.6,75
2020-04-14,25.4,1010.1,83
2020-04-15,25.9,1009.6,82
2020-04-16,25.4,1011.1,83
2020-04-17,24.1,1012.1,91
2020-04-18,25.7,1010.7,82
2020-04-19,28.8,1010.2,67
2020-04-20,25.8,1009.6,83
2020-04-21,25.6,1009.5,82
2020-04-22,25.7,1009.6,88
2020-04-23,25.9,1010.4,86
2020-04-24,25.6,1009.7,82
2020-04-25,25.9,1011.1,84
2020-04-26,29.3,1011.2,61
2020-04-27,25.4,1010.5,83
2020-04-28,25.6,1009.9,85
2020-04-29,26.0,1009.5,78
2020-04-30,25.8,1009.3,80
2020-05-01,25.5,1010.9,85
2020-05-02,26.1,1010.2,82
2020-05-03,28.6,1008.1,69
2020-05-04,26.5,1008.2,82
2020-05-05,25.8,1008.6,85
2020-05-06,26.2,1008.4,85
2020-05-07,26.7,1009.2,82
2020-05-08,26.5,1010.4,80
2020-05-09,26.6,1011.3,87
2020-05-10,29.2,1010.1,65
2020-05-11,26.0,1008.8,87
2020-05-12,26.4,1009.4,83
2020-05-13,26.5,1009.5,82
2020-05-14,26.2,1009.8,79
2020-05-15,26.1,1009.1,76
2020-05-16,26.3,1009.5,79
2020-05-17,29.6,1009.5,63
2020-05-18,26.5,1010.1,85
2020-05-19,26.7,1009.2,78
2020-05-20,26.5,1009.0,82
2020-05-21,27.6,1009.3,77
2020-05-22,26.9,1009.7,86
2020-05-23,26.4,1009.4,88
2020-05-24,29.4,1008.1,68
2020-05-25,26.9,1008.2,82
2020-05-26,27.1,1008.3,84
2020-05-27,26.9,1009.2,76
2020-05-28,24.0,1009.6,96
2020-05-29,26.6,1009.8,78
2020-05-30,26.5,1009.4,83
2020-05-31,29.4,1010.6,68
2020-06-01,26.5,1010.4,85
2020-06-02,25.0,1009.7,90
2020-06-03,27.6,1009.6,81
2020-06-04,27.2,1010.5,82
2020-06-05,27.4,1011.3,79
2020-06-06,27.1,1010.9,77
2020-06-07,29.4,1009.8,67
2020-06-08,27.0,1008.8,78
2020-06-09,27.2,1007.0,82
2020-06-10,26.2,1009.0,86
2020-06-11,27.1,1008.4,82
2020-06-12,27.5,1007.6,79
2020-06-13,27.2,1008.5,82
2020-06-14,29.3,1009.5,70
2020-06-15,27.3,1010.2,80
2020-06-16,27.4,1009.9,79
2020-06-17,26.5,1010.3,85
2020-06-18,26.7,1009.7,89
2020-06-19,27.5,1010.2,82
2020-06-20,27.1,1010.1,80
2020-06-21,30.3,1011.4,68
2020-06-22,27.9,1011.2,82
2020-06-23,28.1,1009.3,80
2020-06-24,27.8,1009.1,77
2020-06-25,25.2,1011.5,87
2020-06-26,26.7,1010.9,84
2020-06-27,28.2,1009.2,77
2020-06-28,29.9,1008.6,71
2020-06-29,25.5,1009.7,90
2020-06-30,25.7,1009.5,90
2020-07-01,27.0,1008.6,83
2020-07-02,26.9,1009.0,86
2020-07-03,27.3,1008.5,84
2020-07-04,27.3,1008.4,84
2020-07-05,30.2,1009.4,68
2020-07-06,27.3,1009.9,79
2020-07-07,25.9,1008.5,91
2020-07-08,26.3,1008.6,90
2020-07-09,27.2,1009.4,84
2020-07-10,26.9,1011.0,81
2020-07-11,26.7,1009.5,79
2020-07-12,30.5,1009.4,62
2020-07-13,28.0,1010.5,85
2020-07-14,27.7,1010.1,80
2020-07-15,26.6,1008.0,80
2020-07-16,26.7,1008.7,82
2020-07-17,26.7,1008.8,82
2020-07-18,27.6,1007.3,73
2020-07-19,28.3,1007.2,74
2020-07-20,26.7,1006.9,80
2020-07-21,27.0,1008.5,79
2020-07-22,25.5,1009.4,86
2020-07-23,26.3,1008.8,82
2020-07-24,26.5,1009.2,91
2020-07-25,25.3,1011.5,88
2020-07-26,29.1,1011.4,68
2020-07-27,27.8,1010.0,68
2020-07-28,25.9,1009.3,90
2020-07-29,27.3,1005.6,77
2020-07-30,26.1,1002.6,92
2020-07-31,26.7,1008.0,89
2020-08-01,26.9,1007.8,87
2020-08-02,29.5,1006.9,70
2020-08-03,27.4,1009.3,83
2020-08-04,26.3,1010.9,87
2020-08-05,27.5,1009.1,80
2020-08-06,26.5,1009.4,86
2020-08-07,27.1,1011.6,86
2020-08-08,28.2,1011.8,79
2020-08-09,30.3,1009.6,73
2020-08-10,27.7,1008.3,73
2020-08-11,27.3,1008.0,75
2020-08-12,28.2,1007.7,70
2020-08-13,27.8,1007.8,85
2020-08-14,26.6,1006.8,85
2020-08-15,25.8,1006.6,89
2020-08-16,30.8,1006.4,60
2020-08-17,27.7,1007.4,85
2020-08-18,27.7,1007.6,78
2020-08-19,27.5,1007.8,84
2020-08-20,27.0,1007.7,84
2020-08-21,26.7,1006.1,87
2020-08-22,26.0,1002.4,87
2020-08-23,27.7,1008.6,84
2020-08-24,25.8,1007.8,86
2020-08-25,26.7,1007.0,86
2020-08-26,26.8,1009.1,92
2020-08-27,27.8,1010.2,77
2020-08-28,27.7,1010.0,82
2020-08-29,27.7,1008.2,86
2020-08-30,30.2,1006.3,68
2020-08-31,27.0,1007.9,85
2020-09-01,26.6,1007.1,90
2020-09-02,25.0,1006.4,93
2020-09-03,25.7,1006.8,90
2020-09-04,24.5,1008.5,94
2020-09-05,26.4,1007.8,86
2020-09-06,29.7,1005.4,70
2020-09-07,26.7,1003.8,86
2020-09-08,26.6,1005.4,87
2020-09-09,26.6,1009.1,86
2020-09-10,25.7,1007.7,89
2020-09-11,26.5,1004.3,86
2020-09-12,26.3,1004.0,87
2020-09-13,28.4,1005.7,78
2020-09-14,26.4,1008.3,90
2020-09-15,26.5,1008.3,86
2020-09-16,27.1,1007.8,85
2020-09-17,27.3,1006.2,78
2020-09-18,27.2,1005.2,73
2020-09-19,27.6,1005.2,81
2020-09-20,29.4,1004.4,65
2020-09-21,26.6,1005.3,83
2020-09-22,26.8,1006.0,86
2020-09-23,27.2,1007.2,88
2020-09-24,27.1,1009.6,89
2020-09-25,28.5,1009.8,76
2020-09-26,25.8,1007.9,86
2020-09-27,30.1,1004.9,58
2020-09-28,26.3,1006.1,89
2020-09-29,25.6,1008.3,91
2020-09-30,26.1,1008.0,87
2020-10-01,24.8,1007.2,89
2020-10-02,25.5,1006.6,91
2020-10-03,25.4,1007.0,90
2020-10-04,27.9,1007.0,70
2020-10-05,25.4,1007.2,92
2020-10-06,26.5,1006.9,82
2020-10-07,24.9,1007.9,91
2020-10-08,26.1,1009.4,91
2020-10-09,26.6,1009.7,86
2020-10-10,27.0,1007.9,81
2020-10-11,28.4,1006.1,82
2020-10-12,26.2,1006.3,89
2020-10-13,26.9,1005.8,85
2020-10-14,26.5,1006.3,90
2020-10-15,25.6,1006.5,87
2020-10-16,25.5,1006.7,91
2020-10-17,25.2,1006.9,95
2020-10-18,27.5,1004.2,81
2020-10-19,25.8,1004.0,88
2020-10-20,25.8,1005.0,82
2020-10-21,25.3,1007.2,92
2020-10-22,25.3,1007.6,94
2020-10-23,25.9,1007.7,91
2020-10-24,26.9,1008.2,82
2020-10-25,29.7,1008.0,66
2020-10-26,26.5,1009.4,78
2020-10-27,25.1,1007.3,91
2020-10-28,25.6,1006.9,81
2020-10-29,24.3,1006.5,95
2020-10-30,25.4,1007.7,93
2020-10-31,25.1,1008.9,92
2020-11-01,29.1,1006.5,62
2020-11-02,25.4,1006.2,91
2020-11-03,24.0,1009.1,96
2020-11-04,25.1,1009.5,82
2020-11-05,25.3,1006.8,82
2020-11-06,25.2,1004.9,90
2020-11-07,24.7,1005.7,91
2020-11-08,25.6,1005.5,90
2020-11-09,24.0,1006.8,94
2020-11-10,24.1,1006.8,94
2020-11-11,24.5,1005.9,93
2020-11-12,24.2,1007.6,92
2020-11-13,24.7,1007.9,85
2020-11-14,24.7,1008.1,79
2020-11-15,26.7,1007.6,75
2020-11-16,25.3,1007.5,82
2020-11-17,24.8,1008.1,86
2020-11-18,24.2,1009.2,94
2020-11-19,24.1,1010.0,94
2020-11-20,24.1,1009.2,91
2020-11-21,25.2,1007.5,84
2020-11-22,26.6,1006.0,81
2020-11-23,26.0,1007.3,85
2020-11-24,24.6,1009.2,86
2020-11-25,24.1,1010.0,85
2020-11-26,23.7,1008.3,81
2020-11-27,23.2,1007.5,79
2020-11-28,23.9,1009.1,88
2020-11-29,28.7,1008.5,58
2020-11-30,23.9,1008.4,77
2020-12-01,25.2,1008.4,83
2020-12-02,24.4,1009.6,81
2020-12-03,24.4,1010.1,81
2020-12-04,24.0,1010.2,85
2020-12-05,24.0,1009.6,83
2020-12-06,27.0,1007.4,71
2020-12-07,24.7,1008.3,85
2020-12-08,24.5,1008.6,87
2020-12-09,24.4,1009.9,89
2020-12-10,23.6,1010.4,92
2020-12-11,23.5,1008.9,87
2020-12-12,23.3,1010.0,88
2020-12-13,26.6,1009.6,74
2020-12-14,24.3,1009.4,87
2020-12-15,23.3,1007.8,78
2020-12-16,24.1,1008.9,85
2020-12-17,23.8,1010.3,91
2020-12-18,24.2,1010.6,86
2020-12-19,23.4,1010.2,92
2020-12-20,27.8,1008.7,68
2020-12-21,23.7,1011.0,88
2020-12-22,23.5,1011.0,88
2020-12-23,24.5,1010.5,75
2020-12-24,24.5,1009.8,72
2020-12-25,22.7,1008.3,92
2020-12-26,23.7,1005.6,87
2020-12-27,26.9,1006.2,73
2020-12-28,23.4,1008.8,86
2020-12-29,23.4,1008.7,76
2020-12-30,22.9,1010.7,73
2020-12-31,23.5,1012.7,77
2021-01-01,22.6,1014.2,74
2021-01-02,22.9,1013.0,71
2021-01-03,28.0,1010.9,48
2021-01-04,23.2,1009.6,71
2021-01-05,23.2,1008.8,82
2021-01-06,23.2,1010.2,89
2021-01-07,23.5,1011.2,85
2021-01-08,24.3,1010.0,78
2021-01-09,24.0,1010.1,84
2021-01-10,27.2,1010.6,73
2021-01-11,23.9,1012.5,84
2021-01-12,21.9,1011.8,82
2021-01-13,23.8,1009.5,89
2021-01-14,23.8,1008.3,91
2021-01-15,23.1,1008.6,90
2021-01-16,23.6,1009.3,88
2021-01-17,26.3,1008.6,70
2021-01-18,24.4,1011.6,84
2021-01-19,24.3,1012.5,78
2021-01-20,23.9,1010.5,88
2021-01-21,24.0,1009.4,83
2021-01-22,23.3,1010.1,90
2021-01-23,24.1,1010.2,89
2021-01-24,29.2,1009.0,52
2021-01-25,23.5,1010.7,66
2021-01-26,24.3,1011.6,77
2021-01-27,23.9,1010.9,82
2021-01-28,23.6,1009.0,89
2021-01-29,23.9,1009.4,74
2021-01-30,22.5,1012.9,76
2021-01-31,26.5,1010.8,62
2021-02-01,24.5,1008.9,82
2021-02-02,24.2,1007.5,80
2021-02-03,22.4,1009.5,92
2021-02-04,24.1,1011.0,79
2021-02-05,23.8,1010.5,92
2021-02-06,24.8,1011.0,79
2021-02-07,27.0,1010.0,72
2021-02-08,24.2,1011.8,81
2021-02-09,24.5,1011.0,83
2021-02-10,24.8,1010.4,73
2021-02-11,23.4,1010.1,82
2021-02-12,23.5,1010.4,83
2021-02-13,24.7,1009.9,80
2021-02-14,27.2,1011.3,56
2021-02-15,24.7,1012.0,79
2021-02-16,24.8,1012.2,77
2021-02-17,23.5,1013.6,86
2021-02-18,24.8,1012.6,62
2021-02-19,24.9,1012.5,72
2021-02-20,23.5,1010.9,84
2021-02-21,23.7,1011.3,87
2021-02-22,23.1,1012.1,88
2021-02-23,23.5,1011.4,85
2021-02-24,22.5,1011.5,79
2021-02-25,23.4,1011.7,81
2021-02-26,24.2,1011.9,69
2021-02-27,24.5,1012.8,71
2021-02-28,28.9,1011.3,48
2021-03-01,23.9,1010.2,67
2021-03-02,24.1,1010.3,80
2021-03-03,23.8,1010.0,78
2021-03-04,23.0,1008.1,89
2021-03-05,23.7,1007.6,84
2021-03-06,24.4,1009.1,85
2021-03-07,27.5,1009.9,61
2021-03-08,24.6,1012.7,81
2021-03-09,23.0,1012.4,89
2021-03-10,22.3,1011.9,92
2021-03-11,21.9,1011.4,92
2021-03-12,23.2,1010.8,74
2021-03-13,23.2,1010.9,84
2021-03-14,29.7,1009.6,43
2021-03-15,23.6,1011.0,61
2021-03-16,23.4,1011.8,61
2021-03-17,24.2,1011.1,78
2021-03-18,24.4,1010.8,71
2021-03-19,23.9,1010.1,78
2021-03-20,24.3,1010.1,78
2021-03-21,26.4,1009.2,69
2021-03-22,24.5,1008.9,82
2021-03-23,23.6,1009.2,89
2021-03-24,24.3,1011.0,83
2021-03-25,23.5,1011.8,87
2021-03-26,24.6,1012.4,75
2021-03-27,24.5,1012.0,72
2021-03-28,28.7,1010.2,57
2021-03-29,24.0,1011.3,84
2021-03-30,24.9,1011.5,72
2021-03-31,24.2,1009.5,81
2021-04-01,24.4,1007.3,85
2021-04-02,24.3,1007.8,86
2021-04-03,24.3,1008.6,89
2021-04-04,26.4,1006.9,74
2021-04-05,23.0,1008.6,92
2021-04-06,22.7,1009.5,90
2021-04-07,23.2,1008.6,87
2021-04-08,22.6,1008.9,92
2021-04-09,24.0,1010.2,75
2021-04-10,23.4,1008.4,78
2021-04-11,25.9,1006.9,59
2021-04-12,24.2,1006.0,80
2021-04-13,24.5,1006.9,89
2021-04-14,23.7,1008.5,62
2021-04-15,24.3,1007.2,84
2021-04-16,24.2,1007.8,89
2021-04-17,24.6,1009.9,95
2021-04-18,28.0,1010.2,72
2021-04-19,24.9,1011.4,90
2021-04-20,24.4,1011.3,86
2021-04-21,24.0,1010.2,89
2021-04-22,23.9,1009.3,90
2021-04-23,25.3,1009.1,81
2021-04-24,25.1,1009.1,85
2021-04-25,27.7,1008.6,63
2021-04-26,24.9,1007.3,80
2021-04-27,22.9,1008.5,93
2021-04-28,24.0,1009.0,79
2021-04-29,23.7,1010.2,93
2021-04-30,24.3,1009.9,86
2021-05-01,24.4,1009.5,88
2021-05-02,27.9,1009.3,68
2021-05-03,25.3,1010.2,77
2021-05-04,24.2,1011.3,86
2021-05-05,25.0,1011.0,86
2021-05-06,24.8,1009.9,85
2021-05-07,24.9,1009.8,82
2021-05-08,24.5,1010.8,86
2021-05-09,28.4,1011.1,68
2021-05-10,24.0,1011.8,94
2021-05-11,25.4,1011.0,83
2021-05-12,25.4,1010.8,85
2021-05-13,25.1,1009.3,84
2021-05-14,25.2,1009.0,85
2021-05-15,25.4,1008.5,87
2021-05-16,28.6,1008.7,68
2021-05-17,24.7,1009.2,89
2021-05-18,25.5,1009.4,83
2021-05-19,25.7,1009.5,90
2021-05-20,25.5,1010.3,81
2021-05-21,24.8,1011.1,89
2021-05-22,24.1,1010.5,88
2021-05-23,27.7,1010.0,70
2021-05-24,25.3,1011.4,89
2021-05-25,25.2,1012.8,86
2021-05-26,25.0,1011.6,88
2021-05-27,25.6,1010.6,85
2021-05-28,24.9,1008.8,91
2021-05-29,25.0,1009.3,89
2021-05-30,28.8,1010.4,64
2021-05-31,25.4,1011.0,86
2021-06-01,24.8,1009.6,87
2021-06-02,24.2,1009.5,90
2021-06-03,25.7,1009.6,79
2021-06-04,25.2,1010.1,86
2021-06-05,24.5,1010.8,90
2021-06-06,26.7,1010.5,77
2021-06-07,24.8,1010.6,87
2021-06-08,24.1,1011.3,91
2021-06-09,24.5,1011.4,87
2021-06-10,24.9,1010.6,91
2021-06-11,25.2,1009.8,94
2021-06-12,25.6,1009.1,91
2021-06-13,28.9,1009.6,69
2021-06-14,24.8,1011.3,90
2021-06-15,25.3,1011.4,88
2021-06-16,26.5,1009.8,85
2021-06-17,26.8,1009.1,86
2021-06-18,26.6,1011.0,82
2021-06-19,25.6,1012.7,88
2021-06-20,29.6,1012.1,69
2021-06-21,25.0,1012.7,88
2021-06-22,24.5,1012.3,90
2021-06-23,26.0,1010.9,78
2021-06-24,25.3,1009.1,87
2021-06-25,25.0,1008.5,87
2021-06-26,25.4,1007.9,84
2021-06-27,28.4,1009.4,74
2021-06-28,26.3,1011.6,86
2021-06-29,26.5,1011.6,83
2021-06-30,26.5,1010.3,81
2021-07-01,25.3,1011.6,91
2021-07-02,26.5,1010.1,86
2021-07-03,27.3,1010.4,84
2021-07-04,29.0,1011.5,74
2021-07-05,26.5,1012.3,82
2021-07-06,26.3,1012.0,85
2021-07-07,26.7,1010.6,84
2021-07-08,26.1,1011.9,82
2021-07-09,27.2,1011.2,66
2021-07-10,25.2,1011.1,86
2021-07-11,27.3,1011.1,77
2021-07-12,26.7,1012.3,81
2021-07-13,27.1,1012.0,72
2021-07-14,24.5,1011.5,91
2021-07-15,24.2,1011.5,92
2021-07-16,26.5,1011.4,78
2021-07-17,26.9,1011.6,79
2021-07-18,28.5,1011.9,73
2021-07-19,27.1,1011.4,76
2021-07-20,26.6,1011.4,84
2021-07-21,26.7,1011.9,83
2021-07-22,26.4,1012.3,84
2021-07-23,26.9,1010.2,86
2021-07-24,26.5,1007.8,83
2021-07-25,28.3,1008.7,79
2021-07-26,26.7,1010.3,90
2021-07-27,27.6,1010.0,71
2021-07-28,24.3,1009.5,92
2021-07-29,25.3,1010.6,90
2021-07-30,26.5,1012.0,89
2021-07-31,26.6,1012.1,86
2021-08-01,30.1,1011.4,69
2021-08-02,25.3,1011.1,88
2021-08-03,26.2,1010.6,86
2021-08-04,26.5,1011.5,88
2021-08-05,26.3,1012.4,87
2021-08-06,26.6,1011.1,87
2021-08-07,25.6,1010.0,86
2021-08-08,28.5,1010.2,70
2021-08-09,25.8,1010.8,83
2021-08-10,26.6,1008.7,72
2021-08-11,24.8,1009.1,93
2021-08-12,25.7,1009.7,93
2021-08-13,27.0,1010.0,71
2021-08-14,27.1,1009.5,86
2021-08-15,27.8,1007.4,80
2021-08-16,24.4,1009.2,94
2021-08-17,25.9,1010.2,88
2021-08-18,26.0,1011.1,88
2021-08-19,26.9,1008.5,82
2021-08-20,25.1,1007.3,94
2021-08-21,26.9,1007.7,84
2021-08-22,31.0,1007.4,64
2021-08-23,27.3,1007.7,69
2021-08-24,26.5,1005.6,85
2021-08-25,27.4,1007.2,80
2021-08-26,25.7,1007.9,89
2021-08-27,27.2,1008.8,81
2021-08-28,27.6,1010.2,86
2021-08-29,30.3,1008.6,73
2021-08-30,26.6,1007.0,86
2021-08-31,26.8,1006.4,82
2021-09-01,26.6,1008.1,81
2021-09-02,26.7,1009.0,84
2021-09-03,26.8,1007.9,87
2021-09-04,26.8,1007.5,92
2021-09-05,30.3,1007.9,71
2021-09-06,27.5,1007.3,80
2021-09-07,27.8,1008.2,80
2021-09-08,27.2,1008.4,85
2021-09-09,26.6,1008.5,89
2021-09-10,26.8,1009.3,82
2021-09-11,27.3,1010.6,73
2021-09-12,26.7,1010.2,79
2021-09-13,25.4,1008.6,85
2021-09-14,26.8,1007.6,83
2021-09-15,24.6,1009.9,93
2021-09-16,25.9,1011.2,92
2021-09-17,26.7,1010.5,80
2021-09-18,26.7,1007.9,72
2021-09-19,29.2,1006.3,64
2021-09-20,25.3,1006.4,87
2021-09-21,26.9,1006.1,83
2021-09-22,26.8,1004.7,84
2021-09-23,27.2,1005.9,83
2021-09-24,26.9,1007.4,88
2021-09-25,28.1,1007.9,79
2021-09-26,30.6,1007.2,59
2021-09-27,27.0,1007.4,89
2021-09-28,27.2,1006.0,82
2021-09-29,24.8,1006.7,89
2021-09-30,26.0,1007.1,84
2021-10-01,26.0,1007.9,85
2021-10-02,25.6,1007.6,91
2021-10-03,25.3,1006.6,92
2021-10-04,25.6,1007.8,87
2021-10-05,26.6,1008.7,78
2021-10-06,25.9,1008.4,86
2021-10-07,26.1,1007.7,86
2021-10-08,25.6,1007.1,91
2021-10-09,26.1,1006.2,85
2021-10-10,29.3,1005.7,66
2021-10-11,24.6,1007.4,95
2021-10-12,25.5,1005.6,91
2021-10-13,24.8,1005.3,91
2021-10-14,25.9,1004.2,86
2021-10-15,25.8,1005.4,89
2021-10-16,26.3,1006.9,86
2021-10-17,29.3,1006.2,76
2021-10-18,23.7,1007.7,90
2021-10-19,24.9,1008.9,89
2021-10-20,25.2,1009.6,93
2021-10-21,25.2,1009.7,92
2021-10-22,26.5,1009.3,78
2021-10-23,25.9,1009.1,80
2021-10-24,28.9,1009.5,67
2021-10-25,24.6,1010.1,92
2021-10-26,25.8,1008.0,80
2021-10-27,26.3,1008.4,79
2021-10-28,26.2,1008.0,78
2021-10-29,25.0,1007.1,84
2021-10-30,25.7,1007.1,78
2021-10-31,28.9,1007.9,66
2021-11-01,25.3,1009.4,86
2021-11-02,24.9,1008.5,87
2021-11-03,24.4,1008.0,87
2021-11-04,24.4,1007.7,94
2021-11-05,26.1,1008.6,79
2021-11-06,26.7,1008.1,77
2021-11-07,28.8,1007.3,70
2021-11-08,26.0,1008.2,74
2021-11-09,25.4,1008.5,80
2021-11-10,24.4,1009.5,90
2021-11-11,25.0,1009.8,88
2021-11-12,26.1,1009.2,83
2021-11-13,26.1,1008.6,81
2021-11-14,28.8,1007.4,71
2021-11-15,25.0,1009.1,87
2021-11-16,25.8,1009.2,77
2021-11-17,25.4,1010.1,70
2021-11-18,26.2,1009.0,68
2021-11-19,25.5,1008.2,78
2021-11-20,25.7,1007.7,82
2021-11-21,29.3,1005.5,66
2021-11-22,25.4,1006.2,85
2021-11-23,25.7,1006.6,82
2021-11-24,22.4,1009.3,95
2021-11-25,23.5,1008.4,84
2021-11-26,24.2,1008.2,81
2021-11-27,24.9,1008.2,82
2021-11-28,28.9,1006.6,62
2021-11-29,24.4,1008.0,91
2021-11-30,24.2,1010.6,85
2021-12-01,25.8,1011.2,76
2021-12-02,26.5,1009.5,79
2021-12-03,25.5,1008.7,80
2021-12-04,24.2,1010.4,82
2021-12-05,27.4,1010.7,70
2021-12-06,25.1,1011.8,83
2021-12-07,24.8,1011.0,78
2021-12-08,24.2,1010.3,81
2021-12-09,25.0,1010.7,71
2021-12-10,25.0,1009.2,71
2021-12-11,23.6,1009.7,84
2021-12-12,29.7,1008.8,53
2021-12-13,23.9,1011.4,86
2021-12-14,22.1,1011.4,91
2021-12-15,22.2,1010.6,88
2021-12-16,24.3,1010.7,69
2021-12-17,24.3,1012.0,71
2021-12-18,22.4,1011.6,90
2021-12-19,29.8,1008.4,49
2021-12-20,23.6,1008.2,91
2021-12-21,25.1,1007.2,79
2021-12-22,24.2,1008.0,85
2021-12-23,23.5,1008.8,94
2021-12-24,22.2,1009.7,92
2021-12-25,24.7,1009.5,77
2021-12-26,28.7,1008.7,64
2021-12-27,25.2,1009.2,69
2021-12-28,24.6,1011.4,83
2021-12-29,24.1,1012.1,69
2021-12-30,24.3,1011.4,68
2021-12-31,23.9,1011.3,67
2022-01-01,24.0,1012.2,65
2022-01-02,28.6,1011.4,47
2022-01-03,24.2,1012.4,83
2022-01-04,24.4,1010.8,77
2022-01-05,23.8,1009.2,82
2022-01-06,24.6,1010.4,77
2022-01-07,23.5,1012.6,84
2022-01-08,24.5,1014.9,70
2022-01-09,29.4,1012.2,49
2022-01-10,24.1,1011.9,75
2022-01-11,24.0,1011.8,72
2022-01-12,23.3,1009.8,78
2022-01-13,24.6,1007.3,75
2022-01-14,24.3,1009.0,82
2022-01-15,23.3,1011.4,88
2022-01-16,27.4,1009.2,66
2022-01-17,24.8,1009.4,76
2022-01-18,23.9,1010.9,86
2022-01-19,25.1,1012.1,78
2022-01-20,24.7,1011.2,79
2022-01-21,24.0,1011.5,81
2022-01-22,23.2,1009.9,79
2022-01-23,26.8,1007.6,71
2022-01-24,24.3,1008.2,78
2022-01-25,24.3,1009.4,80
2022-01-26,23.5,1009.8,80
2022-01-27,25.1,1009.7,72
2022-01-28,24.1,1008.1,78
2022-01-29,23.7,1008.5,77
2022-01-30,27.3,1008.6,65
2022-01-31,23.2,1009.6,86
2022-02-01,22.7,1009.9,86
2022-02-02,23.4,1009.8,82
2022-02-03,21.7,1011.8,90
2022-02-04,21.6,1012.0,89
2022-02-05,22.3,1010.3,86
2022-02-06,26.2,1009.3,66
2022-02-07,21.7,1010.4,90
2022-02-08,23.4,1009.8,85
2022-02-09,24.2,1008.7,71
2022-02-10,24.3,1008.9,76
2022-02-11,24.5,1010.0,83
2022-02-12,23.4,1010.8,82
2022-02-13,28.1,1009.9,56
2022-02-14,23.9,1011.0,83
2022-02-15,23.8,1012.9,74
2022-02-16,24.4,1014.2,74
2022-02-17,24.2,1012.4,77
2022-02-18,21.8,1011.4,91
2022-02-19,24.6,1011.0,68
2022-02-20,30.2,1010.9,41
2022-02-21,23.8,1012.0,74
2022-02-22,23.9,1012.4,69
2022-02-23,23.8,1010.9,73
2022-02-24,23.3,1010.9,64
2022-02-25,24.0,1011.4,71
2022-02-26,23.7,1011.9,70
2022-02-27,27.0,1009.0,66
2022-02-28,24.0,1009.2,82
2022-03-01,24.7,1008.7,85
2022-03-02,23.2,1010.3,81
2022-03-03,25.0,1010.1,76
2022-03-04,23.7,1010.2,89
2022-03-05,22.1,1011.5,90
2022-03-06,26.8,1011.3,66
2022-03-07,21.5,1011.1,92
2022-03-08,23.6,1009.8,80
2022-03-09,23.3,1010.8,86
2022-03-10,24.7,1010.2,81
2022-03-11,24.2,1010.3,82
2022-03-12,24.6,1010.5,84
2022-03-13,27.3,1011.1,66
2022-03-14,24.2,1013.2,79
2022-03-15,24.7,1011.4,69
2022-03-16,24.3,1011.5,78
2022-03-17,24.6,1011.8,75
2022-03-18,24.2,1011.7,79
2022-03-19,24.5,1011.6,75
2022-03-20,28.7,1010.6,59
2022-03-21,24.0,1009.8,82
2022-03-22,23.8,1010.4,81
2022-03-23,24.8,1011.1,79
2022-03-24,25.1,1010.6,76
2022-03-25,24.0,1008.6,83
2022-03-26,24.6,1007.2,74
2022-03-27,27.8,1007.4,63
2022-03-28,22.6,1011.1,92
2022-03-29,22.3,1010.9,92
2022-03-30,22.0,1010.2,91
2022-03-31,23.6,1010.0,81
2022-04-01,24.9,1010.8,78
2022-04-02,24.1,1008.7,85
2022-04-03,26.1,1008.1,77
2022-04-04,24.5,1007.7,81
2022-04-05,24.8,1008.3,77
2022-04-06,24.9,1008.8,81
2022-04-07,24.2,1008.4,85
2022-04-08,24.9,1009.3,81
2022-04-09,24.9,1009.7,78
2022-04-10,27.8,1008.4,65
2022-04-11,24.5,1010.0,82
2022-04-12,23.6,1010.5,88
2022-04-13,23.4,1009.7,89
2022-04-14,22.6,1010.2,87
2022-04-15,24.1,1009.3,78
2022-04-16,24.9,1008.5,79
2022-04-17,23.3,1009.0,86
2022-04-18,24.0,1008.4,85
2022-04-19,23.0,1008.6,94
2022-04-20,23.1,1009.1,93
2022-04-21,22.6,1009.9,93
2022-04-22,21.5,1009.8,93
2022-04-23,24.2,1008.9,71
2022-04-24,28.0,1008.4,58
2022-04-25,24.4,1009.1,74
2022-04-26,24.0,1009.1,66
2022-04-27,23.2,1008.3,80
2022-04-28,22.9,1008.0,75
2022-04-29,24.6,1008.6,77
2022-04-30,23.3,1009.0,92
2022-05-01,23.8,1009.2,92
2022-05-02,24.6,1011.1,89
2022-05-03,25.2,1011.3,85
2022-05-04,25.0,1010.5,86
2022-05-05,25.1,1010.7,84
2022-05-06,24.8,1010.1,87
2022-05-07,25.3,1009.0,83
2022-05-08,28.1,1008.4,67
2022-05-09,25.0,1007.7,87
2022-05-10,25.4,1007.7,83
2022-05-11,24.4,1008.4,87
2022-05-12,24.0,1009.1,90
2022-05-13,26.0,1009.6,78
2022-05-14,25.6,1009.6,78
2022-05-15,28.1,1008.4,70
2022-05-16,25.4,1009.9,79
2022-05-17,25.3,1011.2,92
2022-05-18,26.4,1010.6,87
2022-05-19,26.3,1011.3,81
2022-05-20,25.6,1013.3,80
2022-05-21,25.5,1015.0,87
2022-05-22,28.5,1012.8,69
2022-05-23,24.9,1010.4,83
2022-05-24,24.1,1009.7,84
2022-05-25,23.7,1010.5,92
2022-05-26,22.3,1011.3,89
2022-05-27,24.2,1011.1,91
2022-05-28,26.0,1009.2,81
2022-05-29,29.1,1009.0,67
2022-05-30,26.2,1009.2,80
2022-05-31,26.0,1008.0,82
2022-06-01,26.1,1007.6,82
2022-06-02,26.1,1007.8,83
2022-06-03,26.5,1008.1,81
2022-06-04,26.9,1007.5,77
2022-06-05,29.4,1009.0,69
2022-06-06,26.5,1009.7,84
2022-06-07,26.7,1010.1,81
2022-06-08,26.9,1009.7,80
2022-06-09,26.4,1009.9,84
2022-06-10,27.0,1009.5,79
2022-06-11,27.3,1009.7,78
2022-06-12,30.2,1011.5,62
2022-06-13,25.4,1010.9,90
2022-06-14,24.4,1010.3,86
2022-06-15,26.6,1011.4,82
2022-06-16,24.8,1009.9,91
2022-06-17,27.0,1008.4,79
2022-06-18,26.1,1010.1,76
2022-06-19,28.9,1010.5,66
2022-06-20,26.2,1010.6,83
2022-06-21,25.3,1009.3,85
2022-06-22,26.2,1007.4,79
2022-06-23,26.7,1007.3,79
2022-06-24,26.8,1009.1,78
2022-06-25,26.7,1009.7,79
2022-06-26,28.7,1009.6,71
2022-06-27,27.0,1011.0,75
2022-06-28,26.6,1011.9,76
2022-06-29,28.0,1011.5,65
2022-06-30,24.3,1011.4,90
2022-07-01,23.4,1009.6,88
2022-07-02,23.6,1009.6,91
2022-07-03,26.0,1011.2,85
2022-07-04,24.5,1011.6,90
2022-07-05,26.4,1009.3,70
2022-07-06,26.5,1009.3,77
2022-07-07,25.2,1011.2,85
2022-07-08,26.0,1012.7,83
2022-07-09,26.7,1012.6,83
2022-07-10,28.2,1010.3,74
2022-07-11,26.6,1010.2,84
2022-07-12,26.7,1011.4,81
2022-07-13,25.5,1011.6,81
2022-07-14,25.3,1011.2,85
2022-07-15,25.2,1009.9,84
2022-07-16,27.2,1009.7,80
2022-07-17,31.6,1009.9,60
2022-07-18,24.1,1011.1,87
2022-07-19,26.6,1010.3,78
2022-07-20,26.2,1009.5,84
2022-07-21,24.7,1010.1,89
2022-07-22,24.9,1010.8,90
2022-07-23,26.5,1009.3,69
2022-07-24,28.6,1008.8,72
2022-07-25,24.4,1010.9,90
2022-07-26,25.7,1010.5,80
2022-07-27,23.6,1010.7,87
2022-07-28,25.1,1010.4,80
2022-07-29,25.9,1010.6,82
2022-07-30,25.5,1011.9,90
2022-07-31,30.0,1011.8,74
2022-08-01,27.3,1010.3,72
2022-08-02,24.5,1009.0,82
2022-08-03,25.8,1009.5,81
2022-08-04,26.7,1009.8,77
2022-08-05,25.0,1009.1,87
2022-08-06,27.0,1009.6,77
2022-08-07,27.2,1009.6,79
2022-08-08,27.2,1009.1,79
2022-08-09,27.2,1010.3,72
2022-08-10,26.6,1010.5,76
2022-08-11,26.7,1009.1,78
2022-08-12,26.5,1009.2,85
2022-08-13,26.1,1009.0,83
2022-08-14,29.4,1008.3,66
2022-08-15,25.9,1007.8,88
2022-08-16,26.8,1009.5,86
2022-08-17,26.0,1008.9,91
2022-08-18,24.0,1009.2,95
2022-08-19,25.8,1008.8,86
2022-08-20,25.3,1009.2,89
2022-08-21,28.0,1008.1,82
2022-08-22,24.2,1007.8,93
2022-08-23,26.5,1007.8,81
2022-08-24,25.9,1009.6,89
2022-08-25,26.4,1009.4,82
2022-08-26,25.6,1008.3,87
2022-08-27,24.7,1007.1,90
2022-08-28,28.9,1008.2,73
2022-08-29,25.9,1009.7,88
2022-08-30,26.1,1008.9,83
2022-08-31,23.6,1008.6,93
2022-09-01,25.8,1006.8,84
2022-09-02,25.1,1007.6,83
2022-09-03,26.7,1006.1,80
2022-09-04,29.2,1004.3,78
2022-09-05,25.2,1008.0,93
2022-09-06,24.0,1008.9,92
2022-09-07,25.7,1005.6,84
2022-09-08,27.0,1004.6,84
2022-09-09,24.8,1008.1,92
2022-09-10,26.0,1010.6,89
2022-09-11,27.8,1009.8,77
2022-09-12,25.3,1006.8,89
2022-09-13,25.7,1007.7,87
2022-09-14,26.8,1008.9,83
2022-09-15,27.2,1008.6,71
2022-09-16,24.7,1008.3,93
2022-09-17,27.1,1006.7,70
2022-09-18,26.6,1003.8,83
2022-09-19,25.8,999.9,90
2022-09-20,27.3,1003.5,84
2022-09-21,27.4,1004.7,81
2022-09-22,26.4,1005.7,84
2022-09-23,25.5,1007.4,93
2022-09-24,26.5,1006.7,82
2022-09-25,29.5,1005.6,66
2022-09-26,26.6,1006.9,84
2022-09-27,24.7,1008.1,94
2022-09-28,24.1,1006.8,91
2022-09-29,23.8,1004.3,90
2022-09-30,25.6,1003.9,80
2022-10-01,24.4,1008.5,90
2022-10-02,27.2,1008.6,83
2022-10-03,26.0,1007.3,87
2022-10-04,26.9,1006.1,84
2022-10-05,25.5,1007.7,91
2022-10-06,26.9,1008.0,79
2022-10-07,23.8,1008.3,89
2022-10-08,25.4,1007.3,86
2022-10-09,27.0,1007.5,78
2022-10-10,25.0,1010.0,89
2022-10-11,25.6,1010.1,88
2022-10-12,23.4,1008.9,92
2022-10-13,25.8,1006.4,83
2022-10-14,25.4,1007.6,87
2022-10-15,26.0,1007.5,85
2022-10-16,28.7,1005.3,71
2022-10-17,24.4,1005.2,88
2022-10-18,25.7,1006.8,83
2022-10-19,25.9,1008.2,86
2022-10-20,26.6,1006.8,80
2022-10-21,25.2,1006.4,87
2022-10-22,25.9,1006.4,86
2022-10-23,27.9,1006.2,78
2022-10-24,25.8,1006.5,85
2022-10-25,24.9,1006.3,95
2022-10-26,23.7,1004.8,86
2022-10-27,23.7,1005.6,88
2022-10-28,24.6,1007.7,89
2022-10-29,23.7,1007.3,92
2022-10-30,26.1,1004.7,85
2022-10-31,24.1,1008.6,95
2022-11-01,25.2,1010.3,89
2022-11-02,25.4,1009.6,87
2022-11-03,23.2,1008.5,90
2022-11-04,22.1,1006.4,94
2022-11-05,22.6,1003.7,91
2022-11-06,27.9,1001.3,69
2022-11-07,26.3,1004.9,75
2022-11-08,25.8,1005.4,85
2022-11-09,25.9,1005.9,85
2022-11-10,25.2,1008.1,90
2022-11-11,25.6,1008.2,83
2022-11-12,24.0,1008.6,92
2022-11-13,27.8,1005.6,75
2022-11-14,25.1,1008.4,85
2022-11-15,23.7,1010.1,92
2022-11-16,25.4,1010.4,82
2022-11-17,24.0,1008.8,88
2022-11-18,24.7,1009.6,78
2022-11-19,24.5,1009.7,83
2022-11-20,28.5,1007.6,66
2022-11-21,24.2,1008.9,86
2022-11-22,25.1,1009.3,79
2022-11-23,24.8,1008.6,85
2022-11-24,24.8,1008.3,87
2022-11-25,24.2,1008.4,89
2022-11-26,24.0,1010.0,92
2022-11-27,30.0,1008.5,53
2022-11-28,25.0,1009.0,80
2022-11-29,24.9,1007.8,75
2022-11-30,22.6,1009.0,93
2022-12-01,23.8,1009.7,79
2022-12-02,23.8,1010.2,72
2022-12-03,23.3,1008.8,82
2022-12-04,27.3,1004.3,58
2022-12-05,23.2,1007.4,68
2022-12-06,23.0,1009.8,75
2022-12-07,22.8,1010.4,71
2022-12-08,22.6,1009.1,75
2022-12-09,23.2,1008.0,75
2022-12-10,23.1,1009.0,67
2022-12-11,27.7,1007.9,58
2022-12-12,24.1,1007.9,73
2022-12-13,22.2,1009.1,82
2022-12-14,22.8,1010.1,81
2022-12-15,24.0,1010.3,83
2022-12-16,24.1,1009.2,82
2022-12-17,25.1,1009.2,72
2022-12-18,26.7,1009.2,71
2022-12-19,24.8,1011.7,78
2022-12-20,24.1,1011.8,78
2022-12-21,23.9,1010.2,81
2022-12-22,23.5,1010.9,86
2022-12-23,23.8,1011.5,86
2022-12-24,24.2,1011.3,81
2022-12-25,28.8,1009.9,56
2022-12-26,25.4,1011.1,75
2022-12-27,23.0,1011.6,86
2022-12-28,24.6,1013.1,79
2022-12-29,23.6,1013.1,80
2022-12-30,23.4,1011.4,86
2022-12-31,24.5,1011.9,79
2023-01-01,28.1,1010.0,59
2023-01-02,22.6,1012.4,84
2023-01-03,23.7,1012.3,68
2023-01-04,22.8,1012.7,81
2023-01-05,22.9,1012.9,85
2023-01-06,22.6,1012.5,89
2023-01-07,22.6,1011.8,86
2023-01-08,25.2,1011.0,79
2023-01-09,24.3,1010.1,79
2023-01-10,23.0,1009.5,92
2023-01-11,22.3,1011.6,91
2023-01-12,21.5,1011.2,93
2023-01-13,22.7,1008.8,89
2023-01-14,23.4,1009.2,90
2023-01-15,28.3,1008.2,55
2023-01-16,21.1,1010.9,62
2023-01-17,21.4,1010.9,61
2023-01-18,22.1,1011.9,64
2023-01-19,24.3,1012.0,63
2023-01-20,23.6,1012.5,84
2023-01-21,22.8,1011.3,82
2023-01-22,27.1,1010.3,63
2023-01-23,22.5,1012.1,90
2023-01-24,24.2,1012.7,66
2023-01-25,24.1,1011.5,76
2023-01-26,23.5,1011.3,85
2023-01-27,23.0,1012.2,73
2023-01-28,22.4,1012.6,76
2023-01-29,27.2,1010.5,59
2023-01-30,23.5,1012.0,72
2023-01-31,23.3,1012.8,77
2023-02-01,23.8,1013.0,71
2023-02-02,24.1,1012.3,76
2023-02-03,23.1,1012.6,87
2023-02-04,24.5,1014.0,74
2023-02-05,26.1,1012.4,73
2023-02-06,23.2,1011.9,88
2023-02-07,24.5,1012.9,70
2023-02-08,20.2,1013.0,91
2023-02-09,23.0,1012.7,80
2023-02-10,23.9,1012.1,69
2023-02-11,23.2,1011.1,76
2023-02-12,26.9,1008.8,63
2023-02-13,23.1,1009.2,83
2023-02-14,24.0,1010.8,84
2023-02-15,24.4,1012.2,71
2023-02-16,23.6,1012.0,79
2023-02-17,24.3,1011.9,62
2023-02-18,23.6,1012.3,70
2023-02-19,27.8,1011.6,51
2023-02-20,24.5,1011.4,71
2023-02-21,22.9,1011.9,73
2023-02-22,23.7,1014.2,75
2023-02-23,24.0,1015.0,63
2023-02-24,23.7,1014.5,70
2023-02-25,23.8,1012.6,60
2023-02-26,29.8,1009.1,40
2023-02-27,23.8,1010.8,74
2023-02-28,22.7,1011.3,83
2023-03-01,24.2,1011.2,77
2023-03-02,22.5,1009.1,76
2023-03-03,24.1,1009.2,81
2023-03-04,23.1,1010.3,88
2023-03-05,26.8,1009.7,63
2023-03-06,25.0,1009.3,71
2023-03-07,23.4,1008.1,84
2023-03-08,24.4,1007.4,73
2023-03-09,23.7,1008.8,69
2023-03-10,23.9,1009.3,59
2023-03-11,23.8,1008.3,71
2023-03-12,27.2,1008.8,64
2023-03-13,22.9,1009.7,86
2023-03-14,24.9,1010.4,81
2023-03-15,25.2,1008.8,76
2023-03-16,21.7,1011.5,90
2023-03-17,23.1,1011.7,64
2023-03-18,24.7,1011.7,63
2023-03-19,27.2,1011.1,63
2023-03-20,24.6,1012.4,82
2023-03-21,23.5,1012.1,81
2023-03-22,25.1,1012.2,69
2023-03-23,24.1,1011.6,63
2023-03-24,25.1,1010.4,68
2023-03-25,25.1,1011.1,78
2023-03-26,28.4,1011.3,55
2023-03-27,24.2,1011.9,74
2023-03-28,23.6,1010.4,78
2023-03-29,24.4,1010.0,79
2023-03-30,25.1,1011.5,77
2023-03-31,25.4,1012.8,63
2023-04-01,25.6,1012.0,73
2023-04-02,28.0,1010.4,62
2023-04-03,24.8,1009.7,79
2023-04-04,24.7,1009.5,80
2023-04-05,24.1,1010.1,76
2023-04-06,23.6,1009.7,68
2023-04-07,21.2,1009.5,86
2023-04-08,21.8,1010.1,90
2023-04-09,26.6,1008.6,72
2023-04-10,25.1,1008.7,82
2023-04-11,24.4,1007.6,89
2023-04-12,24.8,1007.3,81
2023-04-13,25.3,1007.6,76
2023-04-14,24.9,1008.8,78
2023-04-15,25.3,1009.9,77
2023-04-16,28.2,1009.0,64
2023-04-17,24.6,1007.3,82
2023-04-18,24.9,1007.3,80
2023-04-19,25.2,1008.8,78
2023-04-20,24.8,1009.1,79
2023-04-21,25.6,1005.1,74
2023-04-22,23.1,1003.6,91
2023-04-23,26.9,1004.1,68
2023-04-24,25.5,1006.4,76
2023-04-25,25.0,1006.6,77
2023-04-26,25.5,1007.0,80
2023-04-27,26.6,1007.0,73
2023-04-28,26.6,1008.3,78
2023-04-29,26.1,1007.8,84
2023-04-30,28.9,1008.4,70
2023-05-01,26.9,1008.2,74
2023-05-02,26.3,1007.8,77
2023-05-03,26.8,1007.5,79
2023-05-04,26.3,1008.7,80
2023-05-05,26.7,1009.0,81
2023-05-06,26.2,1009.1,74
2023-05-07,29.2,1008.1,57
2023-05-08,26.3,1009.2,78
2023-05-09,27.3,1009.3,77
2023-05-10,26.8,1009.2,72
2023-05-11,26.9,1008.9,73
2023-05-12,26.1,1009.0,83
2023-05-13,26.6,1009.0,75
2023-05-14,29.6,1009.6,65
2023-05-15,22.9,1011.4,99
2023-05-16,27.6,1008.3,70
2023-05-17,26.9,1007.7,79
2023-05-18,26.5,1008.9,83
2023-05-19,25.0,1009.1,90
2023-05-20,24.3,1007.1,90
2023-05-21,27.1,1005.4,77
2023-05-22,25.8,1006.2,84
2023-05-23,26.0,1006.4,84
2023-05-24,26.0,1004.4,84
2023-05-25,27.0,1004.9,79
2023-05-26,27.3,1006.9,80
2023-05-27,27.3,1009.3,81
2023-05-28,28.3,1007.7,78
2023-05-29,25.9,1006.4,86
2023-05-30,26.8,1007.3,76
2023-05-31,26.8,1008.4,80
2023-06-01,27.6,1006.3,78
2023-06-02,26.8,1004.4,84
2023-06-03,27.1,1004.3,82
2023-06-04,29.7,1004.9,72
2023-06-05,27.7,1007.9,82
2023-06-06,27.6,1007.4,81
2023-06-07,27.9,1008.1,78
2023-06-08,27.3,1009.6,82
2023-06-09,27.0,1009.2,84
2023-06-10,27.5,1009.3,81
2023-06-11,29.8,1009.7,71
2023-06-12,26.3,1009.2,83
2023-06-13,27.7,1009.0,79
2023-06-14,27.7,1009.7,76
2023-06-15,27.4,1010.7,80
2023-06-16,27.1,1010.5,80
2023-06-17,27.7,1010.3,74
2023-06-18,29.6,1009.5,67
2023-06-19,26.6,1009.7,78
2023-06-20,26.9,1009.1,80
2023-06-21,27.4,1008.4,86
2023-06-22,27.6,1009.5,85
2023-06-23,27.8,1009.3,74
2023-06-24,27.0,1008.8,80
2023-06-25,30.8,1008.2,61
2023-06-26,27.5,1008.7,76
2023-06-27,28.1,1008.0,77
2023-06-28,25.4,1006.7,86
2023-06-29,26.7,1008.1,86
2023-06-30,27.5,1009.6,82
2023-07-01,27.3,1008.6,83
2023-07-02,30.9,1008.5,64
2023-07-03,27.1,1010.1,85
2023-07-04,25.6,1011.9,93
2023-07-05,27.1,1011.6,84
2023-07-06,27.2,1009.7,82
2023-07-07,27.6,1009.1,83
2023-07-08,27.5,1009.9,81
2023-07-09,29.9,1010.4,73
2023-07-10,28.0,1010.7,81
2023-07-11,28.6,1009.8,71
2023-07-12,25.0,1009.0,90
2023-07-13,27.2,1008.6,82
2023-07-14,27.7,1009.4,81
2023-07-15,27.9,1009.7,78
2023-07-16,29.3,1009.1,76
2023-07-17,26.4,1010.1,87
2023-07-18,27.3,1012.2,85
2023-07-19,28.4,1012.3,80
2023-07-20,27.9,1011.0,84
2023-07-21,27.4,1008.8,82
2023-07-22,27.1,1009.5,82
2023-07-23,30.9,1011.3,64
2023-07-24,28.0,1012.2,72
2023-07-25,28.4,1009.5,72
2023-07-26,24.8,1010.3,95
2023-07-27,26.3,1010.0,87
2023-07-28,27.2,1011.0,83
2023-07-29,26.0,1011.0,87
2023-07-30,30.8,1009.7,63
2023-07-31,25.4,1010.7,89
2023-08-01,27.3,1010.2,88
2023-08-02,27.6,1010.0,88
2023-08-03,27.2,1008.9,81
2023-08-04,27.4,1009.3,87
2023-08-05,27.9,1010.1,83
2023-08-06,30.4,1009.4,68
2023-08-07,24.8,1011.2,92
2023-08-08,26.6,1009.5,85
2023-08-09,27.0,1009.2,88
2023-08-10,26.2,1009.3,90
2023-08-11,27.5,1010.1,89
2023-08-12,25.7,1009.4,89
2023-08-13,29.9,1008.8,72
2023-08-14,28.4,1009.4,81
2023-08-15,28.1,1008.5,76
2023-08-16,27.7,1008.3,81
2023-08-17,24.0,1009.0,92
2023-08-18,26.3,1006.4,89
2023-08-19,28.0,1006.1,77
2023-08-20,32.6,1003.8,54
2023-08-21,24.5,1004.3,90
2023-08-22,24.1,1003.9,91
2023-08-23,25.1,1004.1,91
2023-08-24,27.9,1005.0,87
2023-08-25,25.2,1003.9,94
2023-08-26,24.9,1003.7,95
2023-08-27,29.1,1003.9,83
2023-08-28,27.6,1008.6,91
2023-08-29,27.7,1009.3,89
2023-08-30,27.6,1008.6,89
2023-08-31,27.8,1008.5,87
2023-09-01,28.0,1007.7,82
2023-09-02,28.0,1006.3,84
2023-09-03,27.9,1006.1,83
2023-09-04,26.9,1008.4,88
2023-09-05,27.4,1008.5,84
2023-09-06,26.1,1007.2,89
2023-09-07,26.8,1006.5,85
2023-09-08,28.2,1007.0,80
2023-09-09,27.1,1007.3,85
2023-09-10,28.7,1006.6,82
2023-09-11,25.7,1005.4,89
2023-09-12,26.1,1003.4,80
2023-09-13,26.4,1003.8,87
2023-09-14,27.6,1005.5,87
2023-09-15,25.1,1008.0,92
2023-09-16,26.5,1006.7,84
2023-09-17,31.2,1006.0,60
2023-09-18,27.3,1007.0,81
2023-09-19,27.7,1007.5,77
2023-09-20,24.8,1007.0,91
2023-09-21,27.0,1006.0,82
2023-09-22,28.3,1005.5,78
2023-09-23,26.5,1005.9,90
2023-09-24,30.4,1006.6,71
2023-09-25,24.6,1010.4,95
2023-09-26,25.7,1008.7,92
2023-09-27,26.4,1005.4,87
2023-09-28,27.0,1004.5,84
2023-09-29,27.4,1005.4,83
2023-09-30,24.9,1006.5,94
2023-10-01,31.3,1003.1,65
2023-10-02,26.4,1003.0,92
2023-10-03,27.2,1002.4,82
2023-10-04,23.2,1004.7,99
2023-10-05,25.3,1005.8,90
2023-10-06,27.9,1006.8,82
2023-10-07,27.0,1006.6,85
2023-10-08,30.3,1005.4,65
2023-10-09,27.4,1006.7,84
2023-10-10,27.4,1007.0,86
2023-10-11,27.3,1006.2,80
2023-10-12,27.4,1005.4,87
2023-10-13,27.5,1005.6,90
2023-10-14,27.8,1006.3,83
2023-10-15,30.6,1004.7,68
2023-10-16,28.1,1005.9,78
2023-10-17,27.4,1006.7,84
2023-10-18,27.8,1006.6,82
2023-10-19,25.6,1006.6,91
2023-10-20,27.3,1004.5,84
2023-10-21,25.8,1005.9,91
2023-10-22,28.6,1003.4,73
2023-10-23,26.9,1004.8,83
2023-10-24,25.5,1004.6,86
2023-10-25,23.5,1004.9,90
2023-10-26,25.4,1005.2,80
2023-10-27,23.5,1004.5,89
2023-10-28,26.0,1004.4,84
2023-10-29,30.0,1002.0,70
2023-10-30,25.3,1005.2,95
2023-10-31,24.5,1005.1,92
2023-11-01,25.8,1005.6,92
2023-11-02,27.0,1007.1,77
2023-11-03,25.8,1007.6,81
2023-11-04,26.4,1006.5,83
2023-11-05,29.2,1004.0,68
2023-11-06,26.0,1005.9,89
2023-11-07,24.4,1007.5,91
2023-11-08,23.8,1007.4,93
2023-11-09,24.0,1008.5,93
2023-11-10,24.9,1009.2,89
2023-11-11,23.9,1009.3,94
2023-11-12,30.4,1007.0,64
2023-11-13,25.2,1007.7,88
2023-11-14,25.0,1008.0,85
2023-11-15,25.7,1007.3,85
2023-11-16,25.9,1007.1,80
2023-11-17,23.6,1006.3,94
2023-11-18,25.4,1004.7,88
2023-11-19,27.1,1003.4,82
2023-11-20,25.5,1006.2,79
2023-11-21,24.3,1006.9,79
2023-11-22,24.0,1007.4,81
2023-11-23,24.9,1009.1,90
2023-11-24,24.5,1010.2,90
2023-11-25,25.3,1009.3,87
2023-11-26,28.6,1007.6,70
2023-11-27,26.0,1010.0,77
2023-11-28,25.2,1009.5,84
2023-11-29,25.0,1008.8,86
2023-11-30,24.9,1010.0,73
2023-12-01,25.1,1011.6,79
2023-12-02,25.5,1010.2,77
2023-12-03,29.9,1008.4,57
2023-12-04,25.1,1010.5,85
2023-12-05,23.9,1010.1,91
2023-12-06,24.5,1009.0,92
2023-12-07,24.2,1011.0,87
2023-12-08,24.0,1011.2,87
2023-12-09,24.9,1010.9,80
2023-12-10,29.3,1007.6,65
2023-12-11,24.9,1009.5,83
2023-12-12,24.1,1011.0,82
2023-12-13,24.1,1010.1,73
2023-12-14,22.4,1007.5,88
2023-12-15,22.7,1008.4,88
2023-12-16,22.8,1008.6,90
2023-12-17,25.2,1006.5,84
2023-12-18,24.1,1006.2,90
2023-12-19,22.6,1006.0,96
2023-12-20,23.3,1007.4,79
2023-12-21,21.8,1010.1,86
2023-12-22,22.7,1010.3,83
2023-12-23,22.8,1009.7,87
2023-12-24,28.5,1007.4,54
2023-12-25,23.5,1009.7,81
2023-12-26,23.6,1008.4,86
2023-12-27,24.5,1008.2,86
2023-12-28,23.9,1008.8,88
2023-12-29,23.8,1009.7,88
2023-12-30,23.5,1011.3,84
2023-12-31,27.1,1011.1,74
2024-01-01,23.3,1010.9,77
2024-01-02,25.4,1009.4,83
2024-01-03,23.0,1010.9,92
2024-01-04,24.4,1010.7,89
2024-01-05,24.7,1011.4,79
2024-01-06,24.3,1010.5,85
2024-01-07,27.6,1010.0,67
2024-01-08,24.6,1011.8,76
2024-01-09,25.0,1011.1,82
2024-01-10,24.4,1010.9,90
2024-01-11,24.3,1010.5,89
2024-01-12,23.3,1010.7,91
2024-01-13,25.1,1010.9,90
2024-01-14,28.3,1010.3,69
2024-01-15,25.3,1011.9,83
2024-01-16,24.9,1011.5,83
2024-01-17,25.5,1012.8,77
2024-01-18,25.3,1011.7,75
2024-01-19,25.3,1010.2,80
2024-01-20,25.1,1010.7,89
2024-01-21,28.7,1012.0,67
2024-01-22,24.3,1015.3,80
2024-01-23,24.2,1014.6,84
2024-01-24,24.0,1014.6,84
2024-01-25,24.2,1013.4,70
2024-01-26,24.3,1013.6,71
2024-01-27,24.0,1012.9,81
2024-01-28,26.7,1010.2,68
2024-01-29,24.8,1008.8,80
2024-01-30,22.8,1010.4,91
2024-01-31,23.0,1008.8,84
2024-02-01,23.2,1007.7,82
2024-02-02,22.9,1006.3,73
2024-02-03,22.2,1005.4,91
2024-02-04,27.7,1002.4,64
2024-02-05,25.6,1000.6,84
2024-02-06,25.6,1000.4,72
2024-02-07,22.3,1006.4,87
2024-02-08,21.5,1009.6,76
2024-02-09,22.3,1012.1,65
2024-02-10,22.9,1011.9,67
2024-02-11,29.7,1010.3,40
2024-02-12,25.1,1010.5,80
2024-02-13,24.5,1010.5,87
2024-02-14,24.8,1011.0,83
2024-02-15,25.5,1011.2,81
2024-02-16,25.1,1010.1,85
2024-02-17,25.3,1008.9,83
2024-02-18,28.9,1009.8,61
2024-02-19,24.8,1011.8,82
2024-02-20,25.2,1009.9,81
2024-02-21,24.0,1008.0,74
2024-02-22,23.1,1008.6,55
2024-02-23,23.7,1009.2,71
2024-02-24,24.2,1010.7,76
2024-02-25,28.5,1009.8,59
2024-02-26,25.4,1011.8,68
2024-02-27,24.2,1011.0,78
2024-02-28,23.9,1012.0,81
2024-02-29,24.6,1012.4,71
2024-03-01,24.3,1013.3,71
2024-03-02,24.5,1012.6,65
2024-03-03,30.5,1010.1,40
2024-03-04,24.0,1009.9,81
2024-03-05,24.3,1008.3,78
2024-03-06,24.7,1007.9,81
2024-03-07,24.7,1009.0,83
2024-03-08,25.5,1009.0,85
2024-03-09,25.6,1008.8,86
2024-03-10,29.5,1008.4,62
2024-03-11,26.2,1010.5,82
2024-03-12,26.0,1010.2,74
2024-03-13,25.5,1009.5,73
2024-03-14,26.2,1009.8,74
2024-03-15,26.1,1009.1,72
2024-03-16,25.2,1008.8,83
2024-03-17,29.5,1008.4,55
2024-03-18,26.1,1008.4,82
2024-03-19,26.3,1007.6,83
2024-03-20,24.6,1009.0,84
2024-03-21,23.2,1009.9,92
2024-03-22,23.5,1010.2,94
2024-03-23,25.8,1007.4,79
2024-03-24,28.9,1004.3,64
2024-03-25,23.8,1006.1,90
2024-03-26,24.6,1006.0,65
2024-03-27,24.7,1007.4,74
2024-03-28,24.3,1005.9,88
2024-03-29,25.3,1008.2,77
2024-03-30,23.2,1010.8,83
2024-03-31,30.2,1010.5,44
2024-04-01,24.5,1011.1,62
2024-04-02,25.6,1009.2,76
2024-04-03,25.6,1007.8,80
2024-04-04,26.4,1008.2,79
2024-04-05,26.5,1009.8,83
2024-04-06,26.8,1008.1,79
2024-04-07,30.1,1007.4,62
2024-04-08,24.1,1010.1,89
2024-04-09,24.9,1010.5,63
2024-04-10,24.5,1010.2,70
2024-04-11,26.5,1011.0,73
2024-04-12,25.6,1011.6,84
2024-04-13,23.9,1010.7,94
2024-04-14,30.6,1007.7,54
2024-04-15,24.4,1007.7,92
2024-04-16,23.4,1007.8,91
2024-04-17,23.3,1008.3,92
2024-04-18,24.9,1007.3,83
2024-04-19,25.0,1008.7,79
2024-04-20,25.0,1009.1,70
2024-04-21,29.5,1007.3,62
2024-04-22,24.8,1008.2,87
2024-04-23,24.3,1009.1,91
2024-04-24,25.1,1009.0,86
2024-04-25,23.6,1008.1,93
2024-04-26,23.7,1008.8,95
2024-04-27,23.5,1008.4,91
2024-04-28,24.9,1007.9,87
2024-04-29,24.7,1008.6,77
2024-04-30,25.0,1008.2,83
2024-05-01,23.9,1006.4,92
2024-05-02,24.1,1004.1,94
2024-05-03,23.5,1004.8,95
2024-05-04,23.9,1007.0,91
2024-05-05,30.0,1006.8,67
2024-05-06,24.8,1007.3,90
2024-05-07,23.3,1005.8,94
2024-05-08,24.2,1007.0,90
2024-05-09,24.0,1008.1,93
2024-05-10,26.1,1006.7,90
2024-05-11,25.9,1007.2,87
2024-05-12,29.5,1007.6,74
2024-05-13,26.9,1008.6,86
2024-05-14,27.1,1009.0,84
2024-05-15,27.1,1008.2,83
2024-05-16,26.8,1007.7,81
2024-05-17,27.3,1008.5,81
2024-05-18,27.4,1009.1,85
2024-05-19,30.9,1007.4,65
2024-05-20,27.8,1007.0,82
2024-05-21,26.9,1007.7,82
2024-05-22,24.1,1008.9,95
2024-05-23,24.5,1007.1,93
2024-05-24,26.8,1007.0,87
2024-05-25,24.4,1008.7,91
2024-05-26,29.6,1007.8,76
2024-05-27,25.4,1010.4,92
2024-05-28,24.8,1010.3,92
2024-05-29,25.3,1010.3,91
2024-05-30,27.2,1009.3,86
2024-05-31,26.4,1008.9,91
2024-06-01,26.9,1008.4,91
2024-06-02,29.2,1007.3,74
2024-06-03,25.6,1006.5,90
2024-06-04,24.7,1008.1,95
2024-06-05,25.0,1007.7,95
2024-06-06,24.5,1008.5,93
2024-06-07,27.5,1009.1,82
2024-06-08,27.2,1010.5,85
2024-06-09,29.9,1008.6,74
2024-06-10,26.6,1008.5,86
2024-06-11,26.8,1009.3,87
2024-06-12,27.2,1009.4,89
2024-06-13,26.0,1009.4,92
2024-06-14,27.2,1007.2,83
2024-06-15,27.5,1008.5,82
2024-06-16,30.1,1008.4,69
2024-06-17,24.5,1006.3,87
2024-06-18,25.2,1005.7,90
2024-06-19,26.0,1007.4,88
2024-06-20,25.6,1009.3,92
2024-06-21,25.0,1009.2,89
2024-06-22,24.6,1008.3,94
2024-06-23,30.4,1008.2,68
2024-06-24,26.4,1008.5,89
2024-06-25,27.9,1010.0,86
2024-06-26,27.7,1008.9,85
2024-06-27,26.9,1008.7,89
2024-06-28,25.8,1009.5,89
2024-06-29,24.4,1010.7,92
2024-06-30,29.6,1009.7,70
2024-07-01,27.5,1008.2,76
2024-07-02,23.7,1008.7,94
2024-07-03,27.5,1008.0,85
2024-07-04,24.5,1006.6,91
2024-07-05,25.9,1007.8,90
2024-07-06,26.9,1010.6,88
2024-07-07,30.7,1010.4,69
2024-07-08,24.7,1009.9,91
2024-07-09,27.0,1008.4,87
2024-07-10,24.9,1008.0,90
2024-07-11,26.5,1009.6,86
2024-07-12,25.9,1012.6,83
2024-07-13,26.4,1011.8,89
2024-07-14,30.2,1009.9,74
2024-07-15,25.5,1009.1,87
2024-07-16,26.9,1010.2,84
2024-07-17,26.3,1011.2,86
2024-07-18,26.0,1010.9,89
2024-07-19,25.4,1011.4,88
2024-07-20,26.0,1012.0,91
2024-07-21,32.2,1008.9,59
2024-07-22,25.1,1009.8,91
2024-07-23,25.7,1012.2,85
2024-07-24,26.1,1012.7,86
2024-07-25,28.2,1011.8,78
2024-07-26,28.3,1010.2,79
2024-07-27,27.9,1010.2,82
2024-07-28,28.5,1010.0,75
2024-07-29,26.0,1010.2,87
2024-07-30,25.9,1009.7,88
2024-07-31,27.3,1009.1,82
2024-08-01,25.3,1009.1,89
2024-08-02,25.9,1009.5,91
2024-08-03,25.3,1009.2,89
2024-08-04,29.9,1009.4,71
2024-08-05,27.7,1009.9,79
2024-08-06,26.7,1008.1,89
2024-08-07,27.0,1006.8,85
2024-08-08,26.3,1008.8,86
2024-08-09,26.5,1009.4,87
2024-08-10,27.4,1009.4,77
2024-08-11,29.7,1008.9,75
2024-08-12,25.8,1009.5,86
2024-08-13,27.4,1007.1,72
2024-08-14,26.7,1005.0,89
2024-08-15,27.6,1008.0,87
2024-08-16,27.2,1008.4,90
2024-08-17,27.4,1008.4,86
2024-08-18,30.5,1008.7,72
2024-08-19,28.0,1010.2,83
2024-08-20,26.6,1009.7,89
2024-08-21,25.6,1008.8,86
2024-08-22,26.1,1008.4,91
2024-08-23,26.1,1008.8,88
2024-08-24,27.2,1008.0,75
2024-08-25,30.2,1008.5,63
2024-08-26,26.9,1009.6,86
2024-08-27,27.4,1010.0,83
2024-08-28,27.4,1009.1,81
2024-08-29,26.0,1009.9,91
2024-08-30,24.8,1008.9,90
2024-08-31,25.3,1007.3,89
2024-09-01,29.2,1007.1,76
2024-09-02,27.0,1007.1,85
2024-09-03,24.2,1008.7,92
2024-09-04,25.9,1008.1,88
2024-09-05,26.4,1007.3,86
2024-09-06,25.3,1005.2,91
2024-09-07,26.2,1005.1,89
2024-09-08,30.8,1005.7,74
2024-09-09,25.2,1008.1,90
2024-09-10,25.9,1005.8,90
2024-09-11,25.1,1005.2,94
2024-09-12,27.3,1006.6,85
2024-09-13,26.7,1007.0,91
2024-09-14,26.7,1006.2,93
2024-09-15,30.1,1005.9,75
2024-09-16,27.3,1007.2,88
2024-09-17,27.2,1006.9,84
2024-09-18,27.6,1005.5,87
2024-09-19,25.3,1003.8,91
2024-09-20,27.3,1004.2,89
2024-09-21,26.8,1004.8,90
2024-09-22,30.9,1003.8,66
2024-09-23,27.5,1006.0,87
2024-09-24,27.1,1007.3,86
2024-09-25,25.1,1008.1,90
2024-09-26,26.8,1007.4,85
2024-09-27,25.2,1007.6,93
2024-09-28,26.4,1006.7,89
2024-09-29,29.8,1005.4,72
2024-09-30,26.0,1006.9,87
2024-10-01,27.0,1005.8,83
2024-10-02,27.4,1005.5,80
2024-10-03,26.7,1006.3,83
2024-10-04,26.4,1005.7,85
2024-10-05,26.7,1004.7,88
2024-10-06,29.9,1003.7,68
2024-10-07,27.1,1003.1,84
2024-10-08,27.7,1004.6,83
2024-10-09,27.9,1007.1,83
2024-10-10,27.0,1007.1,89
2024-10-11,27.1,1007.4,85
2024-10-12,26.5,1008.4,86
2024-10-13,31.1,1008.6,64
2024-10-14,27.2,1010.3,87
2024-10-15,24.4,1009.4,94
2024-10-16,25.9,1008.3,87
2024-10-17,25.3,1007.6,89
2024-10-18,26.2,1007.5,85
2024-10-19,27.1,1005.9,89
2024-10-20,30.6,1003.6,69
2024-10-21,27.8,1005.6,81
2024-10-22,26.1,1007.0,88
2024-10-23,27.2,1006.6,88
2024-10-24,27.3,1007.6,85
2024-10-25,26.6,1009.2,85
2024-10-26,24.7,1009.1,90
2024-10-27,29.3,1006.2,68
2024-10-28,24.3,1008.2,93
2024-10-29,24.0,1009.4,93
2024-10-30,23.6,1007.5,94
2024-10-31,22.5,1005.9,93
2024-11-01,22.6,1004.6,92
2024-11-02,24.0,1003.7,92
2024-11-03,27.7,1002.4,77
2024-11-04,24.0,1006.3,96
2024-11-05,24.1,1008.6,93
2024-11-06,24.7,1007.3,88
2024-11-07,23.7,1005.1,90
2024-11-08,25.3,1003.9,91
2024-11-09,25.6,1005.4,92
2024-11-10,26.9,1005.2,85
2024-11-11,24.2,1005.9,94
2024-11-12,25.2,1006.4,90
2024-11-13,26.0,1004.7,90
2024-11-14,23.1,1004.2,100
2024-11-15,24.7,1003.0,92
2024-11-16,25.2,1005.1,86
2024-11-17,28.0,1005.0,68
2024-11-18,22.4,1007.1,71
2024-11-19,23.2,1006.6,79
2024-11-20,24.3,1006.4,83
2024-11-21,24.6,1005.7,80
2024-11-22,25.5,1006.4,90
2024-11-23,22.7,1009.6,96
2024-11-24,26.3,1008.8,82
2024-11-25,23.6,1011.1,95
2024-11-26,23.6,1008.9,96
2024-11-27,23.2,1007.0,98
2024-11-28,26.4,1007.2,83
2024-11-29,25.5,1008.7,90
2024-11-30,24.9,1009.3,93
2024-12-01,28.9,1007.5,69
2024-12-02,25.3,1009.6,91
2024-12-03,25.1,1009.9,88
2024-12-04,23.8,1010.2,93
2024-12-05,24.5,1009.6,86
2024-12-06,24.1,1009.8,89
2024-12-07,24.0,1010.4,79
2024-12-08,30.4,1007.9,53
2024-12-09,23.7,1010.6,92
2024-12-10,23.3,1010.0,92
2024-12-11,23.0,1011.0,85
2024-12-12,23.3,1009.6,77
2024-12-13,22.7,1007.8,83
2024-12-14,22.9,1005.3,94
2024-12-15,25.5,1005.4,84
2024-12-16,22.0,1009.6,96
2024-12-17,22.7,1011.3,91
2024-12-18,21.6,1010.7,99
2024-12-19,23.1,1010.3,97
2024-12-20,23.1,1008.0,97
2024-12-21,24.0,1008.4,91
2024-12-22,25.4,1009.5,82
2024-12-23,23.1,1011.8,94
2024-12-24,23.3,1010.3,92
2024-12-25,24.1,1008.7,88
2024-12-26,23.8,1008.1,90
2024-12-27,23.5,1008.8,91
2024-12-28,22.9,1010.6,82
2024-12-29,26.8,1008.4,56
2024-12-30,22.9,1007.9,83
2024-12-31,22.8,1008.4,77
2025-01-01,23.3,1009.7,80
2025-01-02,23.4,1010.2,76
2025-01-03,23.3,1010.7,81
2025-01-04,22.7,1011.0,80
2025-01-05,27.1,1010.4,48
2025-01-06,23.0,1011.0,93
2025-01-07,24.7,1009.7,86
2025-01-08,23.8,1009.0,84
2025-01-09,23.8,1008.2,81
2025-01-10,22.6,1009.3,74
2025-01-11,22.6,1009.7,78
2025-01-12,27.2,1009.2,67
2025-01-13,22.8,1011.7,74
2025-01-14,23.5,1012.0,78
2025-01-15,23.5,1012.4,71
2025-01-16,23.6,1012.2,80
2025-01-17,24.5,1012.6,80
2025-01-18,22.9,1013.5,91
2025-01-19,29.5,1012.0,55
2025-01-20,23.7,1013.5,84
2025-01-21,25.6,1012.2,71
2025-01-22,24.8,1013.0,88
2025-01-23,24.1,1011.9,93
2025-01-24,22.4,1011.5,94
2025-01-25,24.5,1011.9,83
2025-01-26,29.9,1011.1,53
2025-01-27,23.8,1009.9,86
2025-01-28,24.6,1009.3,88
2025-01-29,24.5,1010.6,86
2025-01-30,24.8,1011.8,77
2025-01-31,23.0,1012.4,93
2025-02-01,24.8,1011.5,75
2025-02-02,28.7,1010.0,56
2025-02-03,24.3,1011.0,76
2025-02-04,24.0,1010.7,78
2025-02-05,23.7,1010.3,72
2025-02-06,22.4,1011.0,89
2025-02-07,24.0,1011.2,77
2025-02-08,24.0,1011.8,76
2025-02-09,29.4,1010.7,50
2025-02-10,22.4,1011.6,89
2025-02-11,23.4,1010.9,83
2025-02-12,24.8,1012.1,72
2025-02-13,25.4,1014.7,69
2025-02-14,23.9,1013.2,73
2025-02-15,23.1,1010.8,80
2025-02-16,27.4,1010.0,63
2025-02-17,23.7,1009.8,84
2025-02-18,24.2,1010.2,81
2025-02-19,24.7,1009.9,79
2025-02-20,24.5,1010.3,87
2025-02-21,24.1,1011.5,82
2025-02-22,24.3,1011.3,73
2025-02-23,27.8,1009.6,60
2025-02-24,24.0,1008.8,82
2025-02-25,24.0,1006.6,88
2025-02-26,24.5,1009.2,88
2025-02-27,23.5,1008.9,90
2025-02-28,24.6,1008.5,87
2025-03-01,24.6,1008.6,87
2025-03-02,28.3,1007.9,60
2025-03-03,24.3,1007.8,86
2025-03-04,24.7,1008.0,83
2025-03-05,24.2,1006.5,89
2025-03-06,25.3,1007.3,85
2025-03-07,24.4,1011.0,88
2025-03-08,25.5,1009.8,82
2025-03-09,28.5,1009.1,54
2025-03-10,25.2,1008.7,81
2025-03-11,25.0,1008.3,77
2025-03-12,23.6,1009.3,86
2025-03-13,22.5,1009.4,94
2025-03-14,23.9,1007.6,83
2025-03-15,24.2,1008.2,80
2025-03-16,28.0,1009.1,61
2025-03-17,24.9,1008.5,76
2025-03-18,24.2,1007.7,82
2025-03-19,24.1,1008.4,65
2025-03-20,24.1,1009.9,73
2025-03-21,23.8,1011.4,89
2025-03-22,25.2,1011.7,82
2025-03-23,29.0,1011.2,61
2025-03-24,25.5,1011.7,76
2025-03-25,25.7,1011.4,74
2025-03-26,25.2,1010.1,81
2025-03-27,23.4,1009.5,87
2025-03-28,23.4,1009.9,84
2025-03-29,22.9,1010.2,95
2025-03-30,26.8,1009.3,69
2025-03-31,23.8,1009.8,78
2025-04-01,21.8,1010.8,94
2025-04-02,21.6,1012.0,94
2025-04-03,23.9,1012.9,76
2025-04-04,24.0,1014.0,75
2025-04-05,24.5,1011.9,69
2025-04-06,28.8,1009.2,58
2025-04-07,24.4,1008.0,81
2025-04-08,24.8,1009.1,83
2025-04-09,25.4,1009.5,81
2025-04-10,25.8,1008.9,85
2025-04-11,24.1,1008.2,93
2025-04-12,25.3,1007.1,87
2025-04-13,28.3,1008.1,67
2025-04-14,24.7,1011.6,80
2025-04-15,22.9,1009.5,94
2025-04-16,22.7,1008.2,92
2025-04-17,22.9,1008.4,93
2025-04-18,24.5,1010.2,76
2025-04-19,24.7,1011.1,71
2025-04-20,30.3,1008.6,43
2025-04-21,23.2,1007.8,63
2025-04-22,23.5,1006.3,78
2025-04-23,22.9,1007.7,83
2025-04-24,23.6,1007.3,86
2025-04-25,23.2,1007.5,86
2025-04-26,23.9,1008.3,83
2025-04-27,25.7,1008.2,80
2025-04-28,24.2,1009.1,84
2025-04-29,24.0,1008.1,84
2025-04-30,24.5,1007.2,77
2025-05-01,23.5,1007.6,87
2025-05-02,22.5,1008.4,93
2025-05-03,22.1,1007.8,94
2025-05-04,27.2,1006.3,74
2025-05-05,23.0,1008.2,94
2025-05-06,23.9,1008.1,91
2025-05-07,24.4,1008.0,84
2025-05-08,25.6,1008.3,76
2025-05-09,26.0,1008.7,82
2025-05-10,25.0,1010.4,89
2025-05-11,28.6,1010.2,74
2025-05-12,24.4,1009.9,91
2025-05-13,26.8,1008.0,68
2025-05-14,24.1,1008.8,89
2025-05-15,23.0,1009.1,96
2025-05-16,24.7,1008.2,89
2025-05-17,23.1,1009.1,93
2025-05-18,28.1,1008.2,71
2025-05-19,24.3,1008.9,90
2025-05-20,26.5,1009.1,87
2025-05-21,25.4,1009.0,90
2025-05-22,26.7,1010.2,87
2025-05-23,25.5,1011.3,93
2025-05-24,26.9,1011.3,78
2025-05-25,30.8,1010.7,54
2025-05-26,26.0,1011.6,83
2025-05-27,24.4,1012.4,91
2025-05-28,26.8,1011.6,82
2025-05-29,26.4,1011.9,78
2025-05-30,26.8,1009.5,81
2025-05-31,26.9,1010.1,86
2025-06-01,29.7,1011.0,72
2025-06-02,26.9,1011.6,83
2025-06-03,25.4,1010.6,87
2025-06-04,25.3,1010.2,83
2025-06-05,25.1,1009.4,81
2025-06-06,24.3,1010.4,91
2025-06-07,26.9,1009.7,80
2025-06-08,28.8,1009.3,68
2025-06-09,24.1,1010.9,93
2025-06-10,25.6,1011.8,86
2025-06-11,23.3,1012.1,95
2025-06-12,25.5,1010.9,84
2025-06-13,23.1,1012.7,89
2025-06-14,24.9,1013.3,87
2025-06-15,28.8,1013.2,65
2025-06-16,25.7,1011.4,87
2025-06-17,26.3,1011.7,86
2025-06-18,26.1,1012.5,91
2025-06-19,26.1,1011.4,85
2025-06-20,25.9,1011.5,92
2025-06-21,24.8,1010.9,89
2025-06-22,27.6,1010.2,74
2025-06-23,25.3,1010.9,85
2025-06-24,24.0,1012.2,91
2025-06-25,27.4,1010.7,77
2025-06-26,27.0,1011.4,84
2025-06-27,26.5,1011.4,75
2025-06-28,23.8,1011.7,90
2025-06-29,29.8,1010.6,68
2025-06-30,25.2,1011.6,91
2025-07-01,25.4,1010.6,84
2025-07-02,25.3,1010.7,90
2025-07-03,26.3,1011.0,86
2025-07-04,26.4,1011.2,85
2025-07-05,26.9,1011.3,86
2025-07-06,28.7,1012.1,74
2025-07-07,26.9,1010.7,81
2025-07-08,24.5,1011.8,92
2025-07-09,25.1,1011.4,89
2025-07-10,25.9,1011.9,87
2025-07-11,27.6,1011.8,89
2025-07-12,27.0,1011.3,85
2025-07-13,29.9,1010.5,62
2025-07-14,25.4,1011.2,86
2025-07-15,26.8,1010.0,81
2025-07-16,24.7,1009.7,87
2025-07-17,27.7,1009.9,88
2025-07-18,27.1,1011.0,76
2025-07-19,24.3,1010.8,85
2025-07-20,30.0,1010.1,65
2025-07-21,27.0,1009.7,83
2025-07-22,26.3,1009.8,86
2025-07-23,25.2,1011.7,92
2025-07-24,26.8,1011.1,83
2025-07-25,26.8,1009.5,75
2025-07-26,27.5,1008.8,71
2025-07-27,26.3,1010.5,82
2025-07-28,26.5,1010.2,89
2025-07-29,24.6,1011.1,93
2025-07-30,26.2,1010.5,89
2025-07-31,27.2,1011.4,81
2025-08-01,26.1,1012.5,90
2025-08-02,25.1,1009.5,90
2025-08-03,29.2,1009.3,76
2025-08-04,25.5,1011.6,92
2025-08-05,27.5,1011.6,80
2025-08-06,25.0,1011.6,92
2025-08-07,26.7,1009.2,84
2025-08-08,26.6,1008.5,87
2025-08-09,25.6,1010.0,91
2025-08-10,29.3,1009.4,67
2025-08-11,27.4,1009.7,80
2025-08-12,28.6,1008.9,75
2025-08-13,26.6,1008.5,89
2025-08-14,24.7,1009.5,93
2025-08-15,25.7,1008.9,89
2025-08-16,25.8,1004.1,81
2025-08-17,29.8,1000.1,71
2025-08-18,27.7,1005.5,80
2025-08-19,27.8,1007.0,82
2025-08-20,27.5,1008.3,88
2025-08-21,27.6,1008.6,84
2025-08-22,28.0,1007.7,73
2025-08-23,24.9,1009.0,91
2025-08-24,30.6,1009.1,71
2025-08-25,26.7,1011.0,80
2025-08-26,24.5,1011.0,94
2025-08-27,25.9,1010.2,92
2025-08-28,27.0,1010.6,86
2025-08-29,27.2,1008.8,85
2025-08-30,26.0,1008.0,87
2025-08-31,30.6,1007.0,66
2025-09-01,27.7,1008.4,81
2025-09-02,27.8,1008.6,80
2025-09-03,25.9,1008.2,91
2025-09-04,26.3,1008.0,86
2025-09-05,26.4,1009.4,83
2025-09-06,25.9,1009.4,92
2025-09-07,28.8,1008.6,73
2025-09-08,25.4,1008.5,90
2025-09-09,27.2,1008.7,86
2025-09-10,27.4,1009.1,82
2025-09-11,28.0,1007.8,81
2025-09-12,27.5,1007.6,81
2025-09-13,27.7,1006.8,82
2025-09-14,31.6,1005.8,59
2025-09-15,27.7,1009.0,80
2025-09-16,26.5,1007.6,87
2025-09-17,24.7,1005.8,92
2025-09-18,24.6,1005.7,96
2025-09-19,26.4,1006.4,87
2025-09-20,27.0,1007.1,85
2025-09-21,29.4,1006.6,76
2025-09-22,25.3,1007.4,93
2025-09-23,26.8,1007.3,85
2025-09-24,26.4,1007.2,85
2025-09-25,24.0,1007.1,96
2025-09-26,24.6,1005.7,93
2025-09-27,26.5,1005.5,87
2025-09-28,29.7,1006.2,70
2025-09-29,27.5,1008.4,80
2025-09-30,27.4,1007.7,80
2025-10-01,27.1,1007.9,82
2025-10-02,26.6,1007.6,84
2025-10-03,27.3,1006.0,79
2025-10-04,26.3,1006.9,87
2025-10-05,31.0,1006.4,62
2025-10-06,25.5,1006.3,90
2025-10-07,26.6,1006.0,90
2025-10-08,27.1,1005.8,89
2025-10-09,26.5,1005.4,90
2025-10-10,27.9,1005.3,82
2025-10-11,27.8,1005.0,82
2025-10-12,27.3,1006.4,81
2025-10-13,27.3,1006.6,80
2025-10-14,27.1,1004.9,85
2025-10-15,27.6,1001.8,74
2025-10-16,24.8,1003.1,94
2025-10-17,25.0,1005.1,90
2025-10-18,25.6,1008.5,92
2025-10-19,29.7,1008.2,73
2025-10-20,22.7,1008.6,96
2025-10-21,23.5,1007.8,97
2025-10-22,23.1,1006.8,97
2025-10-23,23.0,1007.5,96
2025-10-24,23.0,1005.7,98
2025-10-25,23.1,1006.2,98
2025-10-26,26.8,1005.0,83
2025-10-27,23.1,1005.5,98
2025-10-28,25.0,1006.2,91
2025-10-29,26.8,1005.6,85
2025-10-30,26.6,1007.1,87
2025-10-31,26.7,1008.1,85
2025-11-01,25.5,1007.6,91
2025-11-02,29.5,1009.4,68
2025-11-03,25.6,1010.2,84
2025-11-04,24.1,1010.7,89
2025-11-05,23.8,1010.3,91
2025-11-06,25.5,1008.6,87
2025-11-07,25.9,1006.7,86
2025-11-08,24.7,1008.5,86
2025-11-09,28.3,1008.0,76
2025-11-10,25.4,1010.6,85
2025-11-11,26.0,1009.5,88
2025-11-12,25.0,1009.3,87
2025-11-13,26.1,1008.9,84
2025-11-14,25.7,1007.3,87
2025-11-15,22.9,1006.9,94
2025-11-16,28.2,1005.0,64
2025-11-17,25.7,1009.3,83
2025-11-18,25.0,1010.4,83
2025-11-19,24.9,1009.4,89
2025-11-20,23.8,1008.2,89
2025-11-21,24.7,1008.8,84
2025-11-22,24.1,1008.9,76
2025-11-23,27.9,1007.1,62
2025-11-24,24.3,1009.5,75
2025-11-25,24.4,1010.9,85
2025-11-26,24.9,1010.0,81
2025-11-27,24.4,1009.3,84
2025-11-28,22.3,1009.6,96
2025-11-29,23.8,1010.0,85
2025-11-30,25.8,1007.6,78
2025-12-01,23.4,1007.7,86
2025-12-02,25.1,1007.6,76
2025-12-03,24.2,1009.8,90
2025-12-04,25.2,1009.9,79
2025-12-05,24.6,1009.7,87
2025-12-06,24.9,1009.9,82
2025-12-07,28.1,1009.0,62
2025-12-08,24.9,1009.3,85
2025-12-09,25.3,1008.4,84
2025-12-10,25.8,1009.0,77
2025-12-11,25.4,1009.8,84
2025-12-12,23.8,1009.7,94
2025-12-13,25.3,1010.1,80
2025-12-14,28.7,1008.0,63
2025-12-15,25.7,1008.8,83
2025-12-16,25.4,1008.4,81
2025-12-17,25.8,1007.9,82
2025-12-18,25.0,1010.2,77
2025-12-19,24.5,1010.7,91
2025-12-20,24.5,1010.2,77
2025-12-21,28.6,1008.9,64
2025-12-22,22.8,1010.4,92
2025-12-23,23.5,1010.5,84
2025-12-24,22.5,1011.0,88
2025-12-25,22.5,1009.7,65
2025-12-26,22.5,1010.5,82
2025-12-27,23.8,1010.0,78
2025-12-28,27.3,1009.1,58
2025-12-29,22.9,1010.2,77
2025-12-30,23.2,1009.4,83
2025-12-31,21.9,1010.6,95
2026-01-01,23.1,1009.8,96
2026-01-02,22.5,1008.4,86
2026-01-03,23.9,1008.5,90
2026-01-04,27.3,1007.3,72
2026-01-05,22.1,1009.1,96
2026-01-06,23.1,1009.5,78
2026-01-07,23.0,1010.5,83
2026-01-08,23.6,1011.6,79
2026-01-09,22.5,1010.9,92
2026-01-10,23.4,1010.2,84
2026-01-11,28.2,1008.7,60
2026-01-12,23.3,1010.2,88
2026-01-13,24.3,1009.5,83
2026-01-14,24.5,1008.2,84
2026-01-15,24.9,1008.3,85
2026-01-16,24.6,1011.5,86
2026-01-17,24.5,1011.2,79
2026-01-18,28.6,1008.2,52
2026-01-19,24.8,1010.2,82
2026-01-20,22.9,1011.3,90
2026-01-21,23.0,1010.4,90
2026-01-22,24.7,1009.2,75
2026-01-23,23.6,1010.2,90
2026-01-24,23.6,1011.1,92
2026-01-25,27.9,1010.4,64
2026-01-26,25.0,1012.4,81
2026-01-27,24.7,1011.7,84
2026-01-28,23.9,1010.1,84
2026-01-29,24.3,1009.1,82
2026-01-30,24.4,1008.9,85
2026-01-31,25.0,1008.0,87
2026-02-01,27.1,1007.5,78
2026-02-02,21.1,1013.0,74
2026-02-03,21.9,1014.3,72
2026-02-04,24.2,1012.0,74
2026-02-05,25.3,1007.9,80
2026-02-06,24.8,1008.4,82
2026-02-07,23.3,1010.7,79
2026-02-08,27.8,1010.8,53
2026-02-09,22.3,1013.4,72
2026-02-10,21.5,1014.2,63
2026-02-11,22.5,1012.4,70
2026-02-12,23.9,1009.9,88
2026-02-13,22.6,1009.7,90
2026-02-14,22.7,1010.4,83
2026-02-15,28.0,1009.1,53
2026-02-16,24.3,1010.3,88
2026-02-17,24.0,1011.3,83
2026-02-18,24.6,1010.6,74
2026-02-19,24.6,1009.6,82
2026-02-20,24.5,1010.0,80
2026-02-21,24.9,1010.6,80
2026-02-22,27.6,1009.8,63
2026-02-23,24.4,1008.1,81
2026-02-24,21.9,1010.3,95
2026-02-25,21.4,1011.0,90
2026-02-26,25.0,1010.2,75
2026-02-27,24.6,1009.6,77
2026-02-28,24.8,1009.4,76
2026-03-01,26.5,1009.1,67
2026-03-02,24.2,1009.3,86
2026-03-03,23.7,1009.9,86
2026-03-04,23.5,1011.6,79
2026-03-05,22.7,1011.6,88
2026-03-06,22.7,1011.4,86
2026-03-07,21.0,1011.3,97
2026-03-08,23.1,1009.8,87
2026-03-09,21.9,1012.3,96
2026-03-10,22.8,1012.0,85
2026-03-11,21.3,1011.6,95
2026-03-12,23.7,1010.1,80
2026-03-13,22.8,1010.6,94
2026-03-14,24.1,1011.0,85
2026-03-15,28.1,1008.9,59
2026-03-16,25.0,1010.4,75
2026-03-17,24.5,1010.1,78
2026-03-18,24.1,1009.1,81
2026-03-19,24.3,1006.8,75
2026-03-20,24.6,1004.4,75
2026-03-21,22.3,1006.4,87
2026-03-22,28.2,1007.0,52
2026-03-23,23.7,1008.8,72
2026-03-24,24.3,1008.7,71
2026-03-25,24.6,1008.8,77
2026-03-26,21.9,1009.3,94
2026-03-27,22.3,1009.3,93
2026-03-28,23.2,1009.7,86
2026-03-29,28.8,1009.4,45
2026-03-30,23.0,1011.1,80
2026-03-31,23.6,1010.0,77
2026-04-01,24.3,1009.1,73
2026-04-02,22.0,1009.9,90
2026-04-03,24.4,1010.1,73
2026-04-04,22.7,1009.5,90
2026-04-05,25.4,1007.8,77
2026-04-06,25.3,1006.9,82
2026-04-07,24.6,1007.7,86
2026-04-08,25.6,1008.9,84
2026-04-09,25.6,1008.9,83
2026-04-10,25.7,1008.8,85
2026-04-11,23.6,1009.6,95
2026-04-12,27.3,1008.0,75
2026-04-13,23.4,1008.3,84
2026-04-14,23.5,1007.3,76
2026-04-15,23.8,1007.1,86
2026-04-16,22.2,1007.7,96
2026-04-17,22.7,1007.9,94
2026-04-18,22.6,1007.9,94
2026-04-19,27.4,1008.1,70
2026-04-20,25.2,1008.3,81
2026-04-21,24.9,1008.3,81
2026-04-22,22.7,1008.2,96
2026-04-23,23.7,1006.9,90
2026-04-24,24.6,1005.7,79
2026-04-25,24.6,1005.5,85
2026-04-26,28.1,1005.7,64
2026-04-27,25.9,1009.1,86
2026-04-28,23.4,1009.3,96
2026-04-29,22.9,1006.6,94
2026-04-30,23.1,1007.9,94
2026-05-01,25.5,1007.3,85
2026-05-02,26.1,1009.1,84
2026-05-03,28.9,1009.1,62
2026-05-04,26.0,1008.6,78
2026-05-05,25.8,1010.1,77
2026-05-06,26.1,1010.1,80
2026-05-07,26.2,1009.2,84
2026-05-08,26.1,1008.4,79
2026-05-09,26.6,1009.0,75
2026-05-10,28.0,1010.4,70
2026-05-11,25.7,1010.1,84
2026-05-12,26.2,1010.3,78
2026-05-13,26.4,1009.6,78
2026-05-14,26.6,1009.9,79
2026-05-15,26.4,1010.4,84
2026-05-16,26.9,1009.8,83
2026-05-17,29.2,1010.2,65
2026-05-18,27.1,1011.1,74
2026-05-19,26.8,1010.8,72
2026-05-20,25.8,1010.0,78
2026-05-21,26.3,1009.9,77
2026-05-22,25.1,1010.3,90
2026-05-23,25.1,1011.1,88
2026-05-24,27.2,1010.8,73
2026-05-25,23.6,1011.3,96
2026-05-26,24.9,1011.1,88
2026-05-27,25.2,1011.0,88
2026-05-28,26.5,1009.2,83
2026-05-29,26.7,1009.5,81
2026-05-30,26.7,1010.3,78
2026-05-31,29.9,1009.5,68
2026-06-01,26.8,1010.2,79
2026-06-02,27.0,1010.5,76
2026-06-03,26.9,1009.5,76
2026-06-04,26.6,1010.4,76
2026-06-05,26.7,1010.3,79
2026-06-06,26.3,1009.0,86
2026-06-07,29.6,1009.5,65
2026-06-08,27.3,1012.4,80
2026-06-09,26.9,1010.7,80
2026-06-10,26.9,1009.5,79
2026-06-11,26.4,1010.1,84
2026-06-12,25.9,1010.3,85
2026-06-13,26.9,1011.2,79
2026-06-14,30.5,1011.1,59
2026-06-15,27.5,1012.0,75
2026-06-16,27.4,1010.8,73
2026-06-17,27.3,1011.6,76
2026-06-18,27.3,1012.0,76
2026-06-19,28.4,1011.5,76
2026-06-20,27.6,1010.0,79
2026-06-21,30.7,1010.2,59
2026-06-22,27.8,1012.8,78
2026-06-23,27.1,1011.6,72
2026-06-24,25.5,1010.6,93
2026-06-25,26.9,1011.8,84
2026-06-26,27.3,1013.0,85
2026-06-27,24.8,1011.1,95
2026-06-28,29.7,1009.6,68
2026-06-29,27.1,1010.3,84
2026-06-30,27.3,1009.0,84
2026-07-01,26.3,1009.2,90
2026-07-02,25.8,1011.1,91
2026-07-03,26.1,1011.9,88
2026-07-04,27.5,1011.8,74
2026-07-05,30.4,1011.3,68
2026-07-06,26.6,1012.2,86
2026-07-07,25.6,1012.3,86
2026-07-08,25.8,1013.0,85
2026-07-09,26.6,1012.3,89
2026-07-10,27.5,1012.5,77
2026-07-11,27.2,1012.3,74
2026-07-12,32.5,1010.9,50
2026-07-13,23.2,1013.0,95
2026-07-14,26.7,1011.3,92
2026-07-15,27.3,1010.9,79
2026-07-16,27.3,1011.5,81
2026-07-17,27.7,1011.8,81
2026-07-18,27.6,1010.6,83
2026-07-19,30.2,1009.8,63
2026-07-20,27.6,1009.9,78
2026-07-21,27.7,1007.9,72
2026-07-22,27.5,1007.7,79
2026-07-23,27.0,1010.0,79
2026-07-24,27.5,1011.5,80
2026-07-25,28.4,1011.2,83
2026-07-26,30.9,1009.3,62
2026-07-27,27.9,1008.9,76
2026-07-28,28.2,1009.4,77
2026-07-29,29.0,1010.4,74
2026-07-30,28.5,1011.7,76
2026-07-31,27.0,1010.7,85
2026-08-01,27.5,1009.1,79
2026-08-02,27.3,1010.4,80
2026-08-03,28.0,1009.2,79
2026-08-04,27.5,1009.6,82
2026-08-05,26.4,1009.0,89
2026-08-06,27.4,1011.0,82
2026-08-07,26.5,1010.9,86
2026-08-08,28.0,1010.2,82
2026-08-09,32.0,1009.6,53
2026-08-10,28.4,1011.6,86
2026-08-11,27.0,1010.0,86
2026-08-12,27.1,1009.1,84
2026-08-13,28.5,1010.5,76
2026-08-14,29.1,1012.6,71
2026-08-15,28.5,1010.8,67
2026-08-16,32.7,1009.2,53
2026-08-17,27.7,1010.5,83
2026-08-18,27.6,1010.1,78
2026-08-19,27.6,1010.3,84
2026-08-20,28.1,1010.9,77
2026-08-21,27.6,1010.8,83
2026-08-22,27.4,1009.5,86
2026-08-23,30.9,1008.6,60
2026-08-24,27.8,1009.7,83
2026-08-25,28.2,1010.3,81
2026-08-26,27.3,1009.3,90
2026-08-27,26.7,1008.4,85
2026-08-28,27.2,1008.4,90
2026-08-29,28.6,1008.6,81
2026-08-30,30.7,1008.0,70
2026-08-31,26.7,1008.8,93
2026-09-01,27.4,1009.2,84
2026-09-02,25.6,1008.7,88
2026-09-03,24.6,1009.2,95
